Name,Age
Jose Luis,45
Miguel Angel,41
Francisco,46
Juan,47
Jesus,44
Alejandro,41
Antonio,46
Jorge,45
Pedro,46
Carlos,45
Roberto,45
Juan Carlos,38
Javier,44
Jose,47
Fernando,43
Francisco Javier,42
Arturo,45
Manuel,46
Raul,45
Ricardo,42
Rafael,44
Martin,45
Marco Antonio,41
Miguel,46
Sergio,44
Armando,45
Eduardo,42
Jose Antonio,43
Gerardo,43
Enrique,45
Victor Manuel,43
Alfredo,44
Juan Manuel,43
Mario,46
Alberto,44
Daniel,41
Oscar,40
Jaime,45
David,42
Ruben,45
Salvador,45
Julio Cesar,38
Hector,44
Jose Manuel,42
Guillermo,45
Luis,46
Gabriel,43
Angel,45
Gustavo,42
Felipe,46
Ramon,47
Cesar,39
Gilberto,44
Victor,44
Juan Jose,42
Alfonso,46
Ernesto,44
Andres,44
Rogelio,44
Rodolfo,45
Pablo,46
Edgar,35
Ignacio,47
Humberto,45
Agustin,46
Jose De Jesus,43
Omar,35
Juan Antonio,42
Jose Alfredo,42
Jorge Luis,40
Joel,44
Vicente,45
Luis Alberto,35
Carlos Alberto,35
Israel,37
Victor Hugo,37
Jose Guadalupe,44
Ismael,43
Tomas,46
Hugo,40
Saul,42
Adrian,40
Jorge Alberto,38
Moises,43
Jose Angel,43
Santiago,45
Abel,44
Rene,43
Samuel,43
Mario Alberto,40
Noe,41
Ramiro,45
Rigoberto,40
Gregorio,47
Efrain,43
Nicolas,46
Esteban,46
Jose Francisco,43
Benjamin,44
Jose Alberto,39
Alvaro,44
Raymundo,46
Jose Juan,41
Rodrigo,41
Octavio,42
Ivan,31
Luis Enrique,39
Gonzalo,46
Adolfo,45
Marcos,44
Lorenzo,47
Felix,46
Julio,45
Fidel,45
Leonardo,44
Felipe De Jesus,43
Isidro,46
Joaquin,45
Benito,46
German,43
Heriberto,43
Juan Francisco,41
Abraham,40
Emilio,46
Julian,45
Luis Antonio,40
Bernardo,45
Mauricio,39
Adan,42
Aurelio,46
Marcelino,46
Genaro,46
Margarito,47
Federico,46
Luis Fernando,37
J Jesus,50
Juan Pablo,36
Leonel,42
Elias,45
Domingo,46
Guadalupe,43
Luis Manuel,42
Rolando,43
Efren,45
Ulises,35
Horacio,43
Manuel De Jesus,44
Emmanuel,29
Jesus Manuel,40
Roman,44
Jose Martin,43
Isaias,44
Reynaldo,44
Orlando,40
Filiberto,46
Valentin,43
Eleazar,45
Arnulfo,46
Hilario,47
Hector Manuel,42
Leopoldo,46
Eliseo,45
Porfirio,47
Jesus Antonio,39
Faustino,46
Josue,36
Jose Carlos,40
Juan Gabriel,38
Sebastian,44
Jose Ramon,42
Ezequiel,44
Artemio,46
Lazaro,45
Cuauhtemoc,41
Roberto Carlos,33
Jose Jesus,46
Mariano,45
Jorge Antonio,41
J. Jesus,49
Diego,41
Jose Maria,46
Fermin,44
Lucio,46
Leobardo,44
Abelardo,43
Eloy,43
Adalberto,43
Norberto,45
Mauro,45
Delfino,46
Marcelo,44
Jose Arturo,43
Jesus Alberto,36
Pascual,45
Misael,38
Edmundo,46
Juan Luis,38
Everardo,42
Manuel Jesus,45
Florencio,47
Isaac,40
Juan De Dios,42
Claudio,43
Jose Miguel,38
Erick,32
Salomon,45
Fabian,38
Cristobal,43
Juan Alberto,39
Florentino,46
Eusebio,46
Jose Eduardo,37
Amado,46
Jose Alejandro,40
Rosendo,47
Eric,36
Juan Ramon,42
Uriel,35
Feliciano,47
Fredy,36
J Guadalupe,50
Jorge Arturo,40
Eugenio,47
Hipolito,46
Teodoro,49
Cirilo,46
Gildardo,44
Santos,46
Fausto,46
Luciano,46
Jose Roberto,36
Juventino,46
Luis Angel,33
Homero,43
Jose Enrique,44
Dagoberto,44
Jose Armando,43
Carlos Enrique,39
Aaron,39
Clemente,48
Maximino,47
Luis Miguel,34
Jacinto,46
Demetrio,47
Jorge Armando,36
Baltazar,46
Silvestre,46
Jeronimo,46
Osvaldo,38
Simon,46
Carlos Manuel,42
Gabino,44
Luis Felipe,40
Ariel,44
Mateo,45
Nestor,41
Noel,39
Candido,45
Jonathan,29
J. Guadalupe,49
Bernardino,47
Emiliano,47
Apolinar,47
Oswaldo,36
Alonso,42
Jose Fernando,43
Erasmo,45
Luis Carlos,41
Paulino,46
Justino,46
Jose Cruz,45
Juan Martin,44
Luis Armando,39
Rufino,46
Anastacio,48
Erik,32
Constantino,48
Juan Jesus,40
Luis Gerardo,38
Ubaldo,45
Bernabe,44
Edilberto,42
Manuel Alejandro,30
Celso,46
Gaudencio,46
Luis Alfonso,42
Anselmo,47
Reyes,46
Cecilio,46
Jorge Alejandro,37
Jose Del Carmen,44
Dario,46
Rosalio,47
Servando,45
Jose Javier,43
Juan Miguel,39
Celestino,44
Silverio,46
Eleuterio,48
Jose Ricardo,40
Evaristo,47
Ciro,48
Romeo,44
Sabino,47
Fidencio,46
Gaspar,45
Candelario,47
Carlos Antonio,39
Edgardo,38
Hernan,42
Jose Trinidad,45
Vladimir,34
Cesar Augusto,36
Jose Rafael,43
Bonifacio,47
Luis Eduardo,37
Braulio,43
Aldo,33
Jorge Enrique,41
Jose Raul,43
Patricio,46
Epifanio,47
Jose Ignacio,44
Benigno,46
Juan Gerardo,42
Manuel Antonio,42
Cornelio,44
Flavio,46
Jose Daniel,38
Modesto,47
Jose David,39
Jose Gabriel,43
Carlos Eduardo,35
Jacobo,44
Jose Humberto,44
Luis Arturo,39
Crescencio,48
Fortino,46
Marcial,46
Virgilio,46
Bulmaro,45
Jose Gerardo,45
Narciso,46
Serafin,47
Wilfrido,43
Hermenegildo,47
Herminio,47
Jesus Enrique,41
Christian,29
Hermilo,45
Damian,43
Juan Enrique,41
Macario,45
Magdaleno,48
Lenin,35
Lino,45
Arnoldo,45
Juvenal,46
Gamaliel,37
Hector Javier,42
Ildefonso,48
Honorio,46
Hugo Alberto,35
Jesus Alejandro,34
Nelson,36
Hector Hugo,36
Isidoro,46
Lauro,45
Luis Javier,39
Maximo,47
Neftali,38
Jose Alfonso,45
Luis Humberto,41
Teofilo,46
Bartolo,47
Filemon,48
Aureliano,47
Trinidad,47
Vidal,44
Cipriano,47
Cruz,46
Jose Isabel,46
Eligio,47
Zeferino,47
Amador,47
Aristeo,47
Emigdio,46
Jorge Eduardo,37
Jose Salvador,44
Geronimo,46
Saturnino,48
Camilo,45
Jose Jaime,44
Lucas,46
Luis Francisco,39
Venancio,46
Victorino,45
Anibal,40
Carlos Arturo,40
Jorge Humberto,43
Jose Mario,46
Juan Diego,39
Carlos Javier,41
Eulalio,47
Dionicio,45
Edwin,31
Jesus Armando,41
Juan Fernando,40
Jesus Eduardo,36
Primitivo,48
Roque,45
Timoteo,45
Victoriano,49
Froylan,42
Jose Santos,47
Carmelo,43
Jose Andres,42
Meliton,48
Odilon,47
Pedro Pablo,43
Refugio,48
Urbano,49
Crispin,47
Inocencio,48
Jose Guillermo,44
Obed,36
Eladio,47
Freddy,37
Luis Alfredo,37
Ruben Dario,42
Valente,45
Conrado,48
Cristian,30
Oscar Manuel,40
Ranulfo,46
Jose Refugio,45
Pedro Antonio,41
Jose Domingo,39
Luis Alejandro,34
Maurilio,46
Albino,47
Sergio Antonio,40
Jorge Ivan,33
Jorge Manuel,44
Rosalino,45
Baldemar,44
Rosario,42
Blas,47
Francisco Antonio,40
Irving,31
Miguel Antonio,42
Sergio Arturo,39
Sixto,47
Carlos Humberto,43
Leoncio,47
Mario Antonio,42
Jesus Salvador,41
Renato,43
Jose Pedro,45
Melchor,47
Alan,31
Carlos Mario,41
Alejo,47
Apolonio,48
Jairo,35
Juan Ignacio,42
Matias,48
Carlos Francisco,39
Emanuel,31
Jose Alonso,37
Jose Ruben,45
Librado,46
Luis Daniel,34
Ruperto,47
Wenceslao,45
Amando,47
Antonio De Jesus,31
Bruno,44
Cutberto,47
Luis Alonso,39
Nahum,40
Silvino,47
Donaciano,47
Eder,30
Esau,37
Juan Angel,41
Juan Pedro,40
Maximiliano,47
Arcadio,47
Edgar Ivan,30
Gustavo Adolfo,40
Jose Felix,42
Melquiades,48
Roger,42
Carlos Alejandro,35
Jose Gilberto,42
Zenon,47
Jose Ernesto,42
Jose Rodolfo,45
Leandro,45
Omar Alejandro,31
Fortunato,46
Hugo Enrique,32
Jose Felipe,46
Jose Jorge,46
Nazario,45
Erasto,48
Jose Adrian,40
Jose Dolores,50
Luis Roberto,39
Olegario,46
Sergio Alberto,37
Elfego,47
Higinio,46
J Refugio,47
Silvano,46
Baldomero,46
Jose Ivan,31
Placido,47
Donato,48
Elpidio,49
Eulogio,47
Jose Abel,44
Marco Aurelio,41
Sotero,47
Wilbert,40
Inocente,47
Augusto,42
Carlos Ivan,30
Jesus Jose,45
Facundo,47
Oscar Javier,40
Otilio,48
Antelmo,47
Jose Carmen,50
Marcos Antonio,42
Dante,39
Dionisio,49
Floriberto,45
Jose Victor,44
Miguel Ange,44
Romualdo,47
Telesforo,48
Asuncion,44
Isai,33
Juan Arturo,41
Juan Eduardo,37
Luis Raul,40
Cesar Alejandro,34
Jesus Ramon,42
Cosme,47
Crisoforo,46
David Alejandro,32
Jesus Arturo,40
Jesus Francisco,41
Jesus Gerardo,42
Jesus Javier,39
Jose Israel,36
Marciano,48
Severo,48
Hector Miguel,32
Justo,48
Oliver,33
Catarino,48
Luis Martin,42
Tito,47
Concepcion,46
Paul,33
Giovanni,31
Jose Agustin,43
Pedro Alberto,37
Carlos Armando,38
Luis Ernesto,38
Mario Enrique,42
Rey David,39
Daniel Alberto,28
Hiram,39
Leodegario,44
Teodulo,48
Amadeo,43
Eliud,39
Francisco Jav,46
Juan Daniel,37
Lamberto,48
Abundio,47
Alexander,33
Diego Armando,27
Jose Elias,41
Jose Omar,37
Juan Javier,45
Leon,47
Romulo,48
Sergio Alejandro,35
Severiano,46
Azael,37
Francisco Jose,44
Heladio,45
Jesus Alfredo,39
Otoniel,40
Sabas,48
Cesar Octavio,37
Elmer,38
Galdino,46
Gil,48
Jose Ines,47
Juan Roberto,43
Martiniano,49
Nabor,46
Oscar Eduardo,35
Francisco Manuel,41
Jose Reyes,45
Juvencio,46
Octaviano,47
Edgar Eduardo,31
Hermelindo,47
Jorge Alfredo,38
Jorge Carlos,41
Jose Abraham,40
Jose Concepcion,49
Julio Alberto,37
Luis Rey,43
Marino,46
Oliverio,44
Onesimo,45
Oscar Alejandro,35
Victor Alfonso,29
Adelaido,48
Basilio,46
Carlos Cesar,40
Luis Jose,41
Marco Tulio,39
Ponciano,48
Prisciliano,48
Sergio Enrique,40
Wilber,35
Adelfo,44
Antonino,45
Bertin,45
Casimiro,47
Cesareo,49
Francisco J,46
Isabel,43
Jose Octavio,42
Liborio,49
Tiburcio,48
Calixto,48
Emeterio,46
Hugo Cesar,36
Irineo,46
Jacob,38
Cayetano,48
Eliezer,41
Ernesto Alonso,39
Isauro,44
J Isabel,50
Jair,32
Javier Alejandro,33
Jesus Fernando,37
Jose Esteban,46
Perfecto,49
William,34
Carlos Rafael,39
Edgar Alejandro,33
Edgar Omar,32
Gelacio,41
Jesus Martin,43
Jesus Miguel,36
Marco Antoni,45
Oscar Daniel,33
Ambrosio,50
Amilcar,41
Ausencio,46
Bladimir,35
Carlos Roberto,37
Eli,40
Jesus Guadalupe,36
Jesus Roberto,39
Juan Bautista,46
Manuel Alberto,39
Fulgencio,50
Jesus Alfonso,39
Jesus Ivan,30
Jose Oscar,43
Juan Andres,39
Mario Humberto,43
Martin Antonio,44
Natalio,44
Osiel,38
Alexis,33
Carlos Daniel,35
Carmen,45
Cesar Ivan,29
Gumaro,46
Juan Alejandro,37
Manuel Enrique,40
Manuel Salvador,43
Sergio Armando,39
Brigido,46
Francisco Alberto,42
Fredi,44
Ivan De Jesus,29
Jesus Daniel,34
Jose Efrain,43
Jose Rodrigo,38
Leonides,46
Luis Guillermo,38
Luis Ricardo,37
Atanacio,49
Avelino,48
Catalino,44
Celerino,45
Cesar Antonio,36
Francisco Alejandro,38
J Carmen,48
J Felix,49
Jesus Humberto,39
Jose Julian,38
Jose Vicente,44
Juan Ricardo,40
Miguel Alejandro,34
Panfilo,46
Remigio,48
Rey,42
Alejandrino,46
Antolin,46
Carlos Martin,40
Estanislao,47
Gaston,44
Heliodoro,49
Jorge Ernesto,41
Silviano,45
Abimael,35
Aniceto,48
Cristino,49
Franco,44
Jesus Angel,41
Jose Hugo,43
Luis Ramon,39
Rutilio,44
Damaso,46
Felipe Jesus,44
Luis Adrian,34
Luis David,36
Said,34
Toribio,47
Walter,41
Camerino,47
Carlos Adrian,34
Daniel Alejandro,29
Darinel,42
Doroteo,46
Francisco Javi,47
Francisco Javie,45
Jesus David,37
Jonatan,31
Jorge Francisco,39
Jose Emilio,45
Jose Pablo,43
Ladislao,48
Luis Ignacio,44
Milton,34
Osbaldo,40
Sergio Ivan,30
Tirso,47
Victor Antonio,39
Zacarias,48
Aquilino,43
Carlos Alfonso,40
Carlos Fernando,37
Evodio,43
J. Refugio,49
Jaime Alberto,39
Jeremias,39
Jesus Ernesto,38
Oscar Alberto,35
Pablo Cesar,35
Pastor,48
Regino,46
Rubicel,40
Carlos Ernesto,35
Elvis,39
Francisco Ja,46
Hector Daniel,36
Luis Gabriel,38
Mario Alejandro,38
Mario Arturo,42
Carlos Andres,33
Carlos Miguel,40
Cesar Alberto,34
Hector Alejandro,37
Jesus Maria,48
Juan David,39
Mayolo,44
Napoleon,43
Rutilo,46
Bartolome,45
Carlos Alfredo,38
Hector Eduardo,39
Jesus Adrian,33
Jonas,41
Jorge David,37
Jose Ismael,42
Jose Joaquin,42
Natividad,44
Oscar Fernando,37
Tereso,50
Victor Daniel,35
Victor Javier,41
Ascencion,48
Carlos Augusto,37
Carlos Omar,35
Cesar Eduardo,35
Cesar Enrique,38
Desiderio,46
Heber,36
Heron,47
J. Carmen,50
Jenaro,46
Jesus Ricardo,39
Jose Rene,43
Juan Jaime,42
Julio Antonio,41
Miguel Ang,45
Ramon Alberto,39
Reymundo,40
Arquimides,38
Filogonio,47
Jesus Rafael,42
Jose Gregorio,47
Nemesio,47
Oscar Enrique,37
Rito,49
Taurino,47
Eliel,36
Enoc,40
Heraclio,47
Jesus Mario,42
Jose Adan,42
Jose Gustavo,45
Juan Guillermo,42
Leovigildo,44
Luis Octavio,39
Victor Manue,46
Abad,44
Belisario,44
Evelio,46
Ever,38
Gualberto,39
Indalecio,49
J Santos,50
J Trinidad,52
Jose Edgar,36
Jose Noe,42
Jose Santiago,42
Medardo,45
Nicanor,46
Oscar Ivan,31
Pavel,33
Quirino,46
Ramon Antonio,41
Raul Antonio,42
Sergio Luis,35
Victor Manu,47
Victorio,47
Angel Antonio,40
Carlos Gerardo,41
Carlos Jesus,36
Cuitlahuac,40
Edgar Manuel,36
Graciano,46
Javier Antonio,40
Jorge Guadalupe,43
Jose Ascencion,47
Jose Hector,43
Juan Felipe,42
Juan Salvador,34
Martin De Jesus,43
Paulo Cesar,35
Pedro Luis,42
Victor Jesus,37
Cesar Armando,39
Crescenciano,46
Crisanto,46
Heberto,44
J Cruz,50
Jaime Antonio,45
Jordan,43
Jose Benito,45
Jose Benjamin,45
Jose Isidro,44
Laurencio,47
Leocadio,46
Luis Jesus,41
Mario Cesar,38
Pedro Jose,43
Regulo,46
Ricardo Alberto,38
Socrates,39
Eliazar,46
Francisco De Jesus,37
Francisco Martin,45
Jaime Enrique,42
Jorge Adrian,36
Jose Julio,45
Jose Lorenzo,46
Jose Ramiro,42
Juan Raul,42
Miguel A,49
Ovidio,42
Roberto Antonio,38
Jesus Emmanuel,28
Jorge Octavio,41
Josafat,45
Jose Joel,45
Jose Marcos,46
Luis Jorge,43
Marco Polo,37
Raul Alejandro,33
Saulo,40
Agapito,48
Hector Jesus,37
Hugo Alejandro,35
Isael,37
Jesus Israel,34
Jose Sergio,47
Juan Rafael,43
Laurentino,48
Oscar Antonio,38
Oscar Arturo,38
Prudencio,49
Raul Alberto,39
Victor Alejandro,37
Eutiquio,48
Francisco Jesus,39
Jorge Mario,41
Jorge Omar,36
Jose De La Luz,49
Jose Nicolas,45
Jose Tomas,48
Manuel Angel,46
Oscar Omar,33
Paulo,44
Policarpo,48
Rafael Antonio,38
Sigifredo,47
Carlos Rene,40
Edel,39
Enedino,45
Eutimio,47
Jose Feliciano,37
Juan Carlo,39
Mario Eduardo,37
Melesio,50
Othon,48
Ricardo Antonio,40
Wilfredo,40
Yair,30
Arsenio,46
Carlos David,36
Carlos Ramon,41
Cesar Arturo,36
Epigmenio,46
Eustaquio,49
Hector Armando,40
Hector Raul,44
J. Felix,48
Jose Federico,44
Jose Rogelio,44
Juan Alfredo,41
Juan Bernardo,36
Luis Mario,39
Magdiel,36
Martin Eduardo,39
Miguel Alberto,37
Miguel Enrique,41
Natanael,36
Nicasio,46
Oscar Luis,42
Prospero,44
Rusbel,39
Sergio Humberto,37
Sergio Manuel,41
Tonatiuh,34
Valdemar,43
Victor M,50
Zenaido,47
Abelino,41
Ambrocio,48
Anacleto,49
Angel Gabriel,39
Bersain,43
Cesar Manuel,39
Cesar Omar,33
Edson,32
Fernando Antonio,40
Hector Enrique,38
Javier Enrique,39
Jorge Alonso,36
Jose Natividad,47
Jose Raymundo,45
Laureano,50
Marco Anton,45
Mario Alfonso,43
Obdulio,48
Valeriano,45
Angel Francisco,39
Arquimedes,39
David Antonio,35
Diego Alberto,31
Eduardo Antonio,42
Encarnacion,49
Enrique Alejandro,37
Ivan Alejandro,28
Jesus Alonso,36
Jorge Javier,44
Jose Adolfo,43
Jose Asuncion,48
Jose Leonardo,42
Jose Rosario,46
Juan Armando,41
Mario Alonso,43
Martin Enrique,45
Nereo,42
Nicandro,45
Pedro Francisco,37
Raciel,42
Tranquilino,48
Victor Miguel,38
Abdon,46
Aquileo,45
Aquiles,44
Ariosto,46
Austreberto,45
Celedonio,48
Edgar Alberto,34
Filomeno,47
Francisco Gerardo,44
Gerardo De Jesus,43
Gustavo Alonso,37
Hector Martin,44
Isrrael,41
Jaime Arturo,42
Jose Roman,42
Juan Gilberto,42
Lorenzo Antonio,32
Onofre,46
Oscar Armando,39
Sergio Eduardo,37
Ventura,47
Victor Man,45
Asael,40
Carlos Gabriel,37
Esequiel,44
Francisco Rafael,39
Hector David,38
Hector Gerardo,41
Hermes,37
J Luis,50
J. Isabel,49
J. Trinidad,50
Jesus Guillermo,40
Jesus Omar,33
Jose Aurelio,49
Jose Candelario,43
Juan De Jesus,39
Macedonio,47
Mario De Jesus,40
Othoniel,37
Pablo Antonio,44
Palemon,46
Rubisel,41
Sinuhe,34
Adalid,36
Alberto Jorge,33
Alex,35
David Alberto,38
Fernando Javier,42
Gerardo Antonio,39
Hector Alfonso,38
Hector Ivan,33
Hugo Antonio,41
J. Cruz,50
Jesus Ignacio,41
Jorge Fernando,42
Jose Rigoberto,43
Juan Ernesto,41
Juan Humberto,45
Lucino,48
Mario Jesus,43
Martin Gerardo,44
Netzahualcoyotl,36
Roel,38
Sergio Javier,44
Socorro,47
Angel Manuel,39
Bardomiano,46
Carlos Alonso,39
Evencio,45
Germain,31
Gumercindo,47
Hector Francisco,39
Hilarion,46
Hugo Armando,35
J Antonio,50
Jose Bernardo,43
Jose Cesar,42
Jose Isaac,44
Jose Moises,44
Jose Saul,44
Juan Marcos,41
Juan Mario,45
Petronilo,48
Ramses,34
Raul Armando,44
Ruben Alejandro,35
Xavier,39
Angel Alberto,40
Angel De Jesus,31
Cupertino,44
Darwin,36
Eden,36
Edgar Jesus,31
Edgar Ulises,33
Eustacio,47
Fernando Enrique,43
Geovanni,29
Gorgonio,47
Jorge Raul,41
Jose Antoni,45
Jose De Jesu,48
Jose Heriberto,43
Jose Hilario,45
Marco Vinicio,40
Melecio,45
Pablo Alberto,38
Pedro Damian,35
Pedro De Jesus,36
Plutarco,45
Raul Eduardo,39
Ricardo Javier,41
Salome,44
Silvio,45
Venustiano,48
Baudelio,48
Carlos Hugo,45
Carlos Ignacio,36
Francisc,48
Froilan,44
Gelasio,43
Godofredo,49
Heleodoro,46
Javier Eduardo,34
Jesus Octavio,45
Jorge Andres,41
Jose Augusto,35
Jose German,41
Jose Valentin,41
Luis Gilberto,38
Mario Alfredo,44
Martin Alberto,39
Nestor Daniel,30
Nolberto,43
Orbelin,42
Oscar David,36
Oscar Francisco,39
Pedro Alejandro,35
Roberto De Jesus,39
Alain,33
Angel Mario,42
Carlos Felipe,41
Carlos Jose,43
Castulo,50
Edgar Antonio,32
Espiridion,50
Eustorgio,50
Felipe Neri,44
Francisco Miguel,40
Hector Antonio,42
Hector Mario,45
Henry,34
Herlindo,45
Honorato,47
Jesus Rene,40
Job,44
Johnny,32
Jorge Rafael,40
Jose Alvaro,46
Jose De La Cruz,42
Juan Alfonso,40
Manuel Alfonso,39
Marco Anto,47
Marin,44
Mario Luis,44
Martin Alejandro,35
Serapio,50
Severino,48
Williams,33
Adulfo,43
Amancio,51
Ancelmo,46
Bibiano,47
Cesar Martin,40
Eucario,47
Fco Javier,52
Felipe Antonio,41
Franklin,41
Guillermo Antonio,40
Hector Fernando,42
Herman,42
Jaime Eduardo,40
Jorge Gabriel,38
Jose Gonzalo,43
Jose Rosendo,42
Juan Esteban,40
Manuel Francisco,42
Nemorio,48
Oscar Hugo,35
Salatiel,43
Sandro,36
Tobias,45
Victor Raul,45
Abdiel,36
Angel Luis,40
Carlos De Jesus,40
Carlos Guadalupe,38
Didier,38
Dimas,46
Edgar Daniel,33
Filadelfo,47
Flaviano,46
Gerson,34
Hazael,35
Javier Armando,41
Jesus Gabriel,36
Jorge Alfonso,47
Jorge Miguel,40
Jose Dario,44
Jose Fabian,38
Juan Guadalupe,41
Juan Victor,45
Luis Rodolfo,42
Manolo,39
Martin Francisco,46
Pedro Enrique,41
Rafael Alejandro,36
Raul Humberto,47
Virginio,46
Anastasio,52
Angel Ivan,30
Arturo Javier,44
Axel,34
Cain,42
Carlos Raul,40
Casiano,44
Cenobio,49
David Eduardo,37
David Enrique,36
Domitilo,45
Eddy,41
Eduardo Javier,39
Enrique Alberto,36
Gabriel Alejandro,31
Geovani,32
Hector Luis,43
Jesus Carlos,38
Jesus Raul,42
Jorge Adalberto,45
Jorge Jesus,39
Jose Ariel,44
Jose Eleazar,45
Jose Isaias,43
Juan De La Cruz,48
Mario Ivan,34
Miguel Eduardo,39
Nemecio,45
Pedro Manuel,44
Raquel,42
Reginaldo,43
Ricardo Arturo,40
Abner,32
Bacilio,45
Bertoldo,48
Cesar David,35
Cesar Humberto,40
Cesar Javier,38
Christian Ivan,29
Cliserio,48
Constancio,46
Cuahutemoc,43
Edgar Arturo,34
Elio,41
Francisco Daniel,36
Hector Alonso,37
Huberto,47
Hugo Ivan,30
Iram,38
J. Santos,53
Jesus Abraham,35
Jesus Hector,45
Jorge Ricardo,38
Jose Ulises,36
Julio Enrique,37
Loreto,48
Luis Rafael,42
Manuel Humberto,45
Marco Arturo,37
Mario Francisco,44
Milton Carlos,33
Niceforo,46
Oziel,36
Pedro Javier,41
Reynol,43
Valerio,47
Victor Eduardo,34
Victor Martin,46
Americo,46
Aristides,43
Carlos Gustavo,38
Carlos Ruben,43
Diogenes,46
Edgar Adrian,31
Edgar Francisco,33
Francisco Xavier,40
Hildeberto,46
Ines,44
Jaime Alejandro,37
Javier Alonso,37
Jorge Roberto,38
Jose Adalberto,41
Jose Marcelino,48
Jose Margarito,48
Jose Mauricio,38
Luis Omar,35
Luis Rene,41
Luis Ruben,44
Manuel Eduardo,38
Martin Guadalupe,45
Martin Javier,45
Miguel An,46
Miguel Arturo,39
Miguel Francisco,43
Narcizo,46
Oscar Humberto,42
Pedro Arturo,39
Pedro Ivan,29
Pedro Jesus,40
Ramon Enrique,42
Reinaldo,46
Sergio Alfredo,39
Sergio David,38
Sostenes,50
Victor Armando,40
Victor Enrique,38
Wilberth,39
Agripino,48
Alfonzo,45
Arcenio,47
Buenaventura,48
Cresencio,44
Edgar Gerardo,30
Edgar Javier,34
Eduardo Alejandro,34
Eleno,45
Ervin,40
Fabricio,41
Fernando Alberto,36
Fructuoso,51
Gabriel Antonio,43
Gerardo Alberto,36
Hugo Arturo,40
Idelfonso,39
Iran,36
J Ascencion,55
J Concepcion,50
J Dolores,51
Jesus Adolfo,41
Jorge Daniel,36
Jose Fidel,49
Jose Leonel,42
Jose Leopoldo,47
Jose Orlando,42
Jose Pilar,45
Joselito,43
Julio Alfonso,45
Luis Andres,36
Manuel Arturo,40
Miguel De Jesus,37
Oscar Rene,39
Raul Enrique,45
Reynel,39
Roberto Alejandro,38
Roberto Javier,43
Rogerio,45
Rommel,37
Santana,46
Sergio Rafael,39
Simeon,46
Agustin Jaime,45
Alberto Antonio,40
Alejandro De Jesus,36
Arturo Alejandro,34
Cirino,48
Daniel Arturo,33
Dolores,44
Emir,39
Francisco Armando,40
Francisco Ramon,42
Gumersindo,48
Jorge Martin,45
Jose Leon,47
Jose Lino,45
Jose Patricio,45
Juan Jorge,45
Leonardo Daniel,27
Luis Cesar,41
Luis Lauro,44
Michel,30
Neptali,41
Omar Francisco,33
Ricardo De Jesus,39
Rodulfo,46
Rosemberg,42
Ruben Antonio,40
Sergio Adrian,39
Victor Francisco,41
Angel Javier,38
Angel Roberto,39
Bolivar,45
Edgar Noe,34
Edy,42
Eriberto,37
Felipe Alejandro,37
Fernando De Jesus,35
Francisco Arturo,37
Francisco Roberto,42
Galileo,38
Geremias,42
Gustavo Enrique,39
Hector Ramon,38
Javier De Jesus,37
Jimmy,35
Jorge De Jesus,39
Jose Abelardo,43
Jose De Jes,47
Jose Efren,43
Jose Eugenio,46
Jose Filiberto,43
Jose Reynaldo,43
Juan Isidro,46
Julio Cesa,40
Luis Esteban,41
Mardonio,44
Martin Jesus,44
Oscar Adrian,31
Oscar Martin,39
Pablo Enrique,36
Primo,50
Procoro,49
Rafael Alberto,40
Raudel,42
Raul Gerardo,37
Renan,44
Sergio Alonso,40
Teodulfo,44
Victor Alberto,37
Willebaldo,41
Abisai,34
Adiel,41
Argelio,42
Benedicto,46
Carlos Octavio,38
Daniel Eduardo,35
Delmar,41
Eber,37
Edgar Armando,33
Edgar Enrique,32
Enrique Javier,43
Ernesto Alejandro,37
Erwin,32
Francisco Guadalupe,42
Guilebaldo,42
Hector Omar,35
Hernando,47
J. Ascencion,51
Jesus Andres,41
Jesus Ariel,43
Jose Anton,48
Jose Guadalu,49
Jose Mariano,44
Jose Mauro,47
Jose Noel,39
Juan Carl,43
Juan Sergio,44
Julio Alejandro,37
Manuel Armando,43
Mario Javier,44
Martin Alonso,43
Marvin,31
Monico,46
Nehemias,43
Ofelio,47
Oscar Miguel,36
Pedro Alfonso,44
Pedro Miguel,38
Quintin,49
Richard,34
Victor Ramon,40
Wulfrano,49
Albert,35
Angel Alfonso,43
Angel Daniel,35
Atenogenes,43
Bonfilio,46
Carmelino,41
Ceferino,43
Cesar Adrian,31
Cesar Guillermo,37
Daniel Enrique,38
Eduardo Jose,44
Eliceo,45
Enrique De Jesus,43
Filimon,44
Francisco Gabriel,39
Guadalupe De Jesus,39
Guillermo Alberto,43
Hugo Eduardo,35
Javier Arturo,39
Javier Francisco,42
Jesus Leonardo,39
Jesus Rodolfo,40
Jorge Ariel,42
Jorge Ramon,40
Jose Arnulfo,45
Jose Cuauhtemoc,42
Jose Eliseo,46
Jose Guadalup,47
Jose Rolando,40
Jose Samuel,44
Juan Adolfo,41
Juan M,51
Julian Javier,40
Lisandro,41
Luis Gustavo,39
Luis Hector,41
Maclovio,46
Manuel De Atocha,41
Manuel Gerardo,45
Marco,41
Mario Ernesto,39
Martin Alfonso,44
Martin Jaime,47
Ociel,40
Omar Arturo,33
Oscar Gerardo,40
Oscar Raul,39
Raul Ernesto,36
Secundino,49
Victor Fernando,43
Vinicio,44
Xicotencatl,38
Anatolio,45
Angel David,37
Atilano,44
Audomaro,47
Crecencio,45
Cristhian,28
Daniel Antonio,35
Edgar Rene,34
Erick Alejandro,28
Francisco Enrique,42
Francisco Fernando,43
Gerardo Arturo,41
Gerardo Javier,43
Guillermo Alejandro,39
Hector Rafael,40
Huber,42
J. Concepcion,51
J.jesus,46
Jehu,37
Jesus Edgar,36
Jorge Esteban,42
Jorge Ignacio,38
Jorge Isaac,33
Jorge Israel,34
Jose Aaron,38
Jose Edmundo,44
Jose Francisc,47
Jose Horacio,46
Jose Osvaldo,34
Jose Oswaldo,37
Jose Teodoro,48
Juan Agustin,45
Juan Gustavo,46
Juan Rene,41
Juan Vicente,43
Leonor,45
Luis Bernardo,40
Luis Ivan,31
Mario Armando,41
Martin Fernando,45
Obet,38
Oracio,42
Osiris,32
Pedro Cesar,39
Ramon De Jesus,36
Ramon Francisco,45
Raul Arturo,42
Ricardo Alfonso,42
Ricardo Daniel,29
Ricardo Manuel,44
Rogaciano,46
Sergio Francisco,42
Sergio Jesus,39
Sergio Omar,36
Sergio Rene,40
Uvaldo,44
Victor Gabriel,41
Victor Jose,40
Abenamar,46
Abrahan,40
Alcides,46
Aldrin,31
Alexandro,34
Carlos Albe,37
Carlos Ariel,41
Carlos Hector,44
Carlos Israel,32
Cirenio,48
David Arturo,40
Edgar Humberto,35
Edi,44
Eduardo Alberto,38
Eduardo Enrique,41
Enoch,40
Enrique Antonio,47
Erubiel,38
Eustolio,50
Francisco Eduardo,46
Gabriel De Jesus,38
Gabriel Jesus,37
Gadiel,36
Galo,43
Gerardo Francisco,45
Gervacio,47
Hector Alfredo,40
Hector Rene,38
Hector Ruben,45
Irvin,30
J Francisco,52
J Reyes,49
J. Antonio,50
Jaime Francisco,40
Javier Alberto,40
Jorge Gerardo,42
Jose Emmanuel,27
Jose Fermin,46
Jose Salomon,43
Jose Socorro,49
Jose Uriel,36
Juan Dios,45
Juan Hector,43
Juan Manu,47
Juan Ruben,43
Julio Eduardo,40
Lidio,44
Luis Fabian,33
Mario Albert,45
Mario Angel,40
Michael,31
Miguel Agustin,48
Miguel Arcangel,43
Miguel Jesus,40
Nain,39
Omar Alberto,33
Oscar Jesus,38
Pascacio,49
Pedro Martin,44
Pedro Rafael,40
Rafael Enrique,39
Ramon Alejandro,31
Ramon Angel,42
Ramon Arturo,44
Ramon Eduardo,39
Raul Fernando,39
Raul Francisco,40
Reveriano,45
Ronaldo,43
Rubiel,38
Sergio Octavio,44
Waldo,44
Wilver,32
Ygnacio,49
Alejandro Javier,39
Angel Eduardo,38
Angel Fernando,38
Angel Jesus,35
Angel Omar,33
Angel Ricardo,37
Armando Javier,45
Armin,42
Caralampio,44
Carlos Albert,37
Carlos Salvador,38
Cesar Daniel,33
Cesar Gerardo,39
Cesar Guadalupe,39
Daniel Ivan,30
Danny,31
David Fernando,37
David Gerardo,36
David Israel,31
Diego Alejandro,28
Edgar Israel,33
Edgar Miguel,34
Epitacio,49
Eufemio,48
Francisco Alonso,38
Gerardo Alejandro,38
Gustavo Alejandro,33
Hector Guillermo,44
Hector Jaime,43
Jaime Humberto,41
Jaime Salvador,44
Jesus Del Carmen,42
Jesus Gustavo,35
Jesus Ismael,37
Jesus Noe,34
Joaquin Alberto,41
Jorge Angel,40
Jorge Hugo,38
Jorge Rene,39
Jorge Ulises,38
Jose Alfred,48
Jose De Je,48
Jose Delfino,43
Jose Faustino,45
Jose Gaspar,44
Jose Marcelo,48
Jose Silvestre,48
Juan Leonardo,40
Juan Lorenzo,40
Juan Manue,46
Juan Rodolfo,41
Luis Adolfo,42
Luis Edgar,35
Luis Joel,40
Manuel Fernando,41
Manuel Jose,45
Marco A,51
Maximiano,47
Miguel Alfredo,39
Miguel Armando,38
Nivardo,49
Omar Antonio,33
Omar Enrique,34
Omar Ivan,31
Oscar Alfredo,35
Oscar De Jesus,36
Oscar Guadalupe,38
Pedro Eduardo,35
Plinio,42
Ramon Martin,44
Raul Angel,44
Roberto Arturo,42
Romel,39
Ruben Eduardo,37
Senen,48
Sergio Alfonso,40
Ulices,39
Victor Adrian,36
Victor Ma,44
Victorico,48
Abdias,42
Alejandro Antonio,40
Amauri,41
Carlos Emilio,39
Carlos Gilberto,39
Carlos Guillermo,36
Cesar Gabriel,35
Christian Alberto,29
Daniel Armando,39
Daniel Jesus,38
David Alfonso,33
David Gustavo,35
Edgar David,31
Eduardo Francisco,41
Efigenio,51
Emmanuel Alejandro,28
Ermilo,50
Euclides,38
Fco,52
Fernando Jose,45
Francisco Raul,39
Gibran,27
Gilberto De Jesus,40
Gustavo Alberto,34
Hugo Ernesto,39
Ireneo,46
J Angel,48
J Ines,52
Jair De Jesus,31
Jesus Agustin,39
Jesus Efren,43
Jesus Esteban,39
Jesus Gilberto,44
Jesus Orlando,34
Jorge Abraham,39
Jorge Augusto,38
Jorge Emilio,39
Jorge Ismael,39
Jose Arnoldo,43
Jose Artemio,45
Jose Baltazar,44
Jose Eloy,43
Jose Luz,49
Jose Ventura,52
Jose Vidal,45
Juan Cesar,37
Juan Gualberto,41
Luis Demetrio,42
Luis German,43
Luis Horacio,39
Malaquias,46
Manuel Martin,43
Marcos Alejandro,36
Mario Guadalupe,46
Mario Martin,45
Martimiano,46
Mauro Alberto,41
Miguel Fernando,43
Miguel Humberto,43
Oscar Octavio,44
Pedro Angel,39
Praxedis,45
Rafael Angel,49
Rafael De Jesus,37
Ramon Humberto,44
Ranferi,42
Raziel,30
Roberto Eduardo,36
Ruben Enrique,40
Sergio Daniel,33
Sergio Guadalupe,40
Sergio Ramon,43
Sergio Raul,38
Sidronio,47
Sigfrido,45
Simitrio,47
Victor Alonso,33
Victor Arturo,35
Abiel,43
Aldo Ivan,30
Andres Avelino,52
Angel Enrique,41
Angel Gerardo,41
Antonio Guadalupe,35
Anuar,37
Aristoteles,36
Aron,41
Carlos Abraham,29
Carlos Joaquin,40
Carlos Ricardo,35
Cesar Alonso,33
Cesar Fernando,37
Cesar Gustavo,37
Cesario,48
Ciriaco,51
Cleofas,48
De Jesus,50
Edgar Fernando,36
Eduardo Daniel,27
Eduardo Rafael,38
Elidio,46
Felix Antonio,43
Felix Enrique,41
Fernando Jesus,41
Gabriel Alberto,35
Guillermo Enrique,42
Hector Arturo,44
Hector Gabriel,41
Hector Ignacio,43
Hector Octavio,43
Herculano,51
Hugo Alfredo,37
Hugo Luis,44
J Manuel,49
J. Natividad,52
Jesus Felipe,36
Jesus Ramiro,38
Jesus Sergio,42
Jose Amado,45
Jose Apolinar,47
Jose De Los Santos,44
Jose Demetrio,46
Jose Edgardo,42
Jose Erasmo,47
Jose Gabino,45
Jose Hernan,47
Jose Luciano,45
Jose Nieves,46
Juan Domingo,43
Juan Edgar,35
Juan Emilio,46
Juan Paulo,34
Juan Roman,41
Lopez,45
Manuel Guadalupe,43
Manuel Ramon,46
Mario Manuel,42
Martin Arturo,45
Nephtali,36
Nicacio,46
Odin,39
Olaf,39
Oscar Mario,41
Oseas,43
Osmar,38
Pedro Gerardo,46
Pedro Ramon,43
Rangel,39
Raul De Jesus,41
Rene Alejandro,38
Rodolfo Alejandro,41
Roger Antonio,45
Ruben Alberto,42
Salustio,46
Victor Ivan,29
Wilson,37
Alberto Manuel,43
Alejandr,44
Alejandro Ivan,34
Ali,38
Alonzo,42
Amaury,39
Amir,41
Amos,42
Angel Guadalupe,35
Antonio Manuel,47
Balbino,48
Carlos Agustin,41
Carlos Emmanuel,29
Carlos Fabian,35
Carlos Luis,40
Carlos Noe,40
Cesar Francisco,37
Cesar Rafael,34
Crisogono,44
David Humberto,43
Edgar Guadalupe,31
Eduardo Arturo,44
Ernesto Antonio,39
Eulises,37
Felipe Alberto,41
Felipe Angel,41
Felipe De Jesu,48
Felix Alberto,39
Fidel Alejandro,41
Francisco Guillermo,44
Francisco Ivan,31
Gabriel Angel,41
Gabriel Enrique,39
Gilberto Antonio,40
Gustavo Arturo,42
Habacuc,40
Hernandez,43
Homar,38
Hugo Daniel,30
Hugo Fernando,41
Ivan Israel,32
Jaciel,32
Jaime Javier,41
Jaime Luis,44
Jesus Abel,39
Jesus Arnoldo,43
Jesus Elias,38
Jesus Heriberto,34
Jesus Jaime,39
Jesus Luis,50
Joaquin Antonio,41
Joel Armando,36
Jorge Elias,41
Jose Bernardino,44
Jose Cupertino,44
Jose Damian,36
Jose De J,45
Jose Diego,41
Jose Guadal,49
Jose Lazaro,46
Jose Leobardo,41
Jose Lui,47
Jose Norberto,43
Jose Porfirio,47
Jose Sebastian,38
Juan Adrian,39
Juan Alonso,41
Juan Cruz,50
Juan Octavio,40
Juan Santiago,45
Juanito,42
Limberg,44
Luis Gonzalo,44
Manuel Ignacio,41
Manuel Ivan,32
Mario Gabriel,42
Martin Humberto,43
Martin Manuel,44
Melvin,33
Moctezuma,38
Octavio Cesar,41
Onecimo,48
Oscar Roberto,43
Paciano,48
Paulo Sergio,33
Pedro Alonso,39
Pedro Ignacio,44
Pedro Juan,48
Ramon Fernando,41
Remedios,45
Ricardo Alejandro,37
Ricardo Cesar,38
Roger Armando,49
Ruben Omar,30
Sadot,46
Seferino,46
Sergio Fernando,42
Sergio Ricardo,39
Sergio Roberto,42
Stalin,36
Uzziel,35
Wilibaldo,39
Ysmael,47
Zenen,45
Alberto Alejandro,39
Alberto Enrique,41
Alberto Javier,44
Alberto Jose,40
Alejandro Alberto,38
Alejandro Cesar,45
Alejandro Enrique,43
Alfredo De Jesus,33
Alvaro Antonio,40
Amalio,49
Amin,39
Angel Rafael,36
Antero,49
Arbey,41
Argimiro,49
Arturo De Jesus,37
Atanasio,54
Carlos Mauricio,37
Cesar Alfonso,39
Cesar Israel,34
Christopher,30
David Alonso,36
David Jesus,41
David Ricardo,42
Edgar Alfonso,33
Eduardo Manuel,38
Eleodoro,46
Elier,33
Elieser,41
Eliu,38
Enrique Alonso,43
Erick Daniel,28
Erick Omar,32
Ernesto De Jesus,38
Ernesto Javier,44
Felipe De J,50
Fernando Arturo,41
Francisco David,37
Fred,36
Gerardo Jesus,44
Giovani,29
Guillermo Arturo,38
Hector Ricardo,40
Hector Ulises,37
Hedilberto,44
Hugo Javier,43
Isac,45
J Alfredo,49
J Merced,49
J Socorro,54
J. Dolores,53
Jahaziel,31
Jaime Ivan,29
Jaime Jesus,42
Jaime Manuel,43
Javier Fernando,38
Jesus Aaron,36
Jesus Adan,34
Jesus Efrain,42
Jesus Joel,40
Jesus Lorenzo,38
Jesus Ruben,44
Jhonny,32
Jorge Albe,38
Jorge Federico,42
Jorge Guillermo,43
Jose Baldemar,42
Jose Bernabe,48
Jose Encarnacion,48
Jose Everardo,45
Jose Marcial,45
Jose Mercedes,48
Josias,40
Josue Israel,32
Juan Francisc,43
Juan Mauricio,41
Juan Rogelio,45
Juan Sebastian,36
Juan Ubaldo,47
Julio Ernesto,40
Luis Jaime,41
Luis Rogelio,41
Manuel Adrian,31
Manuel Ernesto,40
Marcos Alberto,37
Mario Gerardo,46
Mario Rafael,48
Martin Rafael,45
Martin Ramon,41
Martinez,45
Moises Alejandro,39
Nicomedes,50
Odon,52
Omar David,31
Omar Israel,33
Oscar Rafael,40
Oton,47
Pablo Arturo,39
Policarpio,47
Procopio,45
Robert,38
Roberto Enrique,41
Rodimiro,44
Roosevelt,38
Rudy,40
Sarain,40
Tomas Enrique,39
Usiel,33
Victor Angel,43
Victor Israel,32
Victor Luis,46
Wilberto,41
Yahir,30
Yuri,34
Abigail,35
Albaro,42
Albertano,49
Alberto De Jesus,43
Alejandro Guadalupe,38
Angel Jose,45
Angel Martin,43
Antonio Enrique,40
Antonio Francisco,48
Armando De Jesus,34
Arturo Enrique,41
Audencio,47
Baltasar,46
Beltran,47
Carlos Adolfo,34
Carlos Eugenio,42
Carlos Leonel,42
Casto,44
Cervando,44
Cesar Ulises,33
Christian Alejandro,27
Christian Jesus,29
Christian Omar,29
Cristian Ivan,29
Daniel Omar,32
Diego Antonio,30
Donaldo,46
Edgar Oswaldo,33
Eduardo Jesus,40
Edward,32
Edwin Jesus,29
Emelio,42
Fabio,43
Favian,39
Felipe De Jes,47
Felipe Javier,45
Francisco Roman,38
Francisco Salvador,42
Genovevo,53
Gerardo Manuel,43
Gumecindo,46
Gumesindo,49
Gustavo Alfonso,38
Gustavo Eduardo,41
Hector Adrian,32
Hector Saul,38
Hugo Francisco,38
Ignacio Antonio,46
Isaul,48
Ivan Omar,39
J Rosario,50
Jaime Alfredo,45
Jaime Daniel,38
Jesus Baltazar,37
Jesus Bernardo,37
Jesus Dario,38
Jesus Gonzalo,40
Jesus Vicente,47
Jhonatan,28
Jorge Abel,39
Jorge Adolfo,41
Jorge Alber,39
Jorge Aurelio,47
Jorge Gilberto,42
Jose Clemente,44
Jose Cristobal,44
Jose Cutberto,47
Jose Edilberto,44
Jose Florentino,38
Jose Francis,46
Jose Ma,48
Jose Manue,43
Jose Odilon,51
Jose Rufino,46
Joselino,42
Josue Manuel,30
Juan Anton,47
Juan Crisostomo,53
Juan Tomas,44
Julian Antonio,38
Julio Francisco,43
Justiniano,41
Lizandro,40
Luis Abraham,37
Luis Augusto,44
Luis Emilio,37
Luis Gregorio,38
Luis Mauricio,39
Luis Orlando,39
Luis Pablo,39
Luis Santiago,37
Manrique,42
Manuel Roberto,40
Marco An,40
Marcos Manuel,42
Mario Ramon,42
Martin Alfredo,44
Martin Ernesto,43
Martin Roberto,46
Mauro Antonio,42
Merced,46
Neri,37
Nestor Ivan,29
Noe De Jesus,38
Omar Jesus,37
Oscar Fabian,36
Oscar Gabriel,38
Oscar Ignacio,42
Oscar Saul,38
Osman,40
Pablo Jose,38
Pedro Armando,45
Pedro Ernesto,39
Pedro Hugo,41
Pilar,42
Pompeyo,46
Ramon Ernesto,41
Ramon Rafael,42
Ricardo Alonso,38
Ricardo Jesus,45
Roberto Ivan,31
Roberto Jesus,42
Roldan,41
Ronay,40
Ruben Francisco,42
Sergio Abraham,33
Teodosio,51
Tolentino,47
Vicencio,47
Viliulfo,47
William De Jesus,40
Willian,36
Yonatan,28
Adin,43
Adrian Jesus,35
Alejandro Daniel,36
Andres Alejandro,37
Andy,32
Angel Alejandro,35
Angel Cesar,40
Apolo,35
Armando Jesus,38
Arnaldo,50
Aroldo,40
Benancio,44
Berzain,46
Boanerges,44
Carlos Alber,35
Carlos Benjamin,37
Carlos Federico,37
Carlos Uriel,29
Cesar Alfredo,35
Cesar Ernesto,36
Cesar Jesus,35
Cesar Luis,31
Cesar Raul,43
Consuelo,45
Cruz Alberto,37
Cruz Antonio,40
Cruz Manuel,42
Eddie,37
Edgar Alonso,30
Edgar Martin,33
Edith,39
Eduardo Guadalupe,43
Eduardo Martin,44
Enrique Arturo,44
Enrique Octavio,41
Ervey,46
Esdras,38
Esteban De Jesus,31
Felix Manuel,42
Fernando Daniel,32
Fernando Guadalupe,41
Fernando Manuel,39
Francisco Humberto,38
Francisco Israel,35
Gabriel Humberto,42
Gerardo Rafael,43
Gilber,41
Gilberto Javier,45
Guadalupe Javier,45
Hector Abraham,43
Hector Ernesto,35
Hector Fabian,36
Hector Jose,41
Hector M,46
Hugo David,35
Humberto Alejandro,36
Ignacio Alejandro,39
J Carlos,47
J. Asuncion,50
J. Reyes,51
J.guadalupe,45
Jaime Alfonso,47
Jaime Alonso,38
Jaime Gabriel,42
Jaime Raul,38
Javier Ivan,30
Javier Jesus,42
Javier Omar,31
Jesus Emilio,39
Jesus Oscar,44
Jesus Pedro,40
Joel Antonio,39
Joel Enrique,33
Jorge Efrain,41
Jorge Juan,38
Jorge Vicente,46
Jose Arcadio,47
Jose Candido,44
Jose Emiliano,41
Jose Florencio,49
Jose Genaro,45
Jose Lenin,42
Jose Matilde,52
Jose Miguel Angel,47
Jose Paulino,48
Josimar,25
Jovany,28
Juan Abel,48
Juan Felix,45
Julio Andres,43
Karim,36
Levi,42
Liberato,48
Luis Alber,39
Luis Oscar,36
Luis Sergio,38
Manuel Alfredo,44
Manuel Ricardo,40
Mario Fernando,41
Mario Roberto,39
Mercedes,46
Miguel Guadalupe,40
Nathanael,35
Nestor Alejandro,35
Noe Alejandro,32
Noe Martin,44
Olivo,45
Omar Eduardo,28
Oscar Ernesto,34
Oscar Gustavo,39
Oscar Noe,37
Oscar Ricardo,39
Pablo Javier,45
Pablo Sergio,40
Patrocinio,48
Paz,46
Pedro Celestino,52
Pedro Omar,35
Pedro Sergio,52
Prisco,41
Rabindranath,37
Rafael Martin,44
Raimundo,49
Ramon Alfonso,39
Ramos,47
Raul Alfredo,43
Raul Alonso,37
Raul Guillermo,43
Raul Jesus,45
Remberto,44
Rene Alberto,38
Ricardo Enrique,37
Ricardo Jose,43
Roberto Manuel,45
Roger Alberto,39
Ruben Alfonso,39
Ruben Armando,42
Segundo,52
Sergio De Jesus,39
Sergio Miguel,43
Tizoc,39
Tomas Alberto,35
Uziel,31
Victor Alfredo,44
Victor Omar,32
Waldemar,42
Wilebaldo,41
Wiliam,36
Wiliams,37
Absalon,46
Adrian Alberto,28
Agustin Alberto,39
Alberto Carlos,36
Alfonso Javier,46
Alfredo Manuel,43
Andres Armando,44
Angel Armando,35
Antonio Jesus,39
Arael,41
Armando Enrique,45
Atalo,46
Aucencio,49
Audon,48
Avimael,37
Caleb,37
Carlos Amador,36
Carlos Efren,37
Casildo,46
Cesar Rene,38
Christian David,29
Claudio Alberto,34
Cleto,48
Cristopher,28
Cruz Alejandro,43
Daniel Gerardo,34
Daniel Salvador,38
Danilo,42
David Ernesto,34
David Francisco,35
David Guadalupe,38
David Ivan,31
David Manuel,36
David Octavio,38
Eberardo,40
Edder,29
Edgar De Jesus,32
Edgar Jose,35
Edgar Rafael,35
Edgar Ramon,33
Edgar Raul,34
Edison,37
Edmar,30
Eduardo De Jesus,44
Elder,36
Eliodoro,48
Enrrique,46
Eraclio,45
Eric Alejandro,33
Ericel,32
Erick Alberto,31
Erick Ivan,29
Eudoxio,48
Exal,45
Felicitos,48
Felipe Arturo,43
Felix Fernando,40
Fernando Alfredo,39
Fernando Gabriel,39
Fidel Angel,44
Fidelio,42
Floricel,39
Francisco Adrian,40
Francisco Alfredo,45
Francisco Andres,39
Francisco Joel,39
Francisco Luis,46
Francisco Ruben,43
Gabriel Arturo,41
Geraldo,46
Gerardo Enrique,41
Gerardo Ivan,32
Gilbert,40
Guillerm,48
Hebert,40
Hector Abel,41
Hector Cesar,42
Hector De Jesus,37
Hector Felipe,44
Hector Horacio,38
Hector Samuel,44
Hever,41
Ignacio De Jesus,44
Ignacio Javier,46
Ivan Antonio,30
Ivan Vladimir,31
J. Luis,52
Jaime Adrian,33
Jaime Cesar,42
Jaime Fernando,39
Jaime Gerardo,43
Jaime Rene,47
Javier Guadalupe,44
Jesus Abelardo,40
Jesus Alvaro,48
Jesus Benito,43
Jesus Julian,44
Jesus Leonel,43
Jesus Oswaldo,35
Jesus Raymundo,41
Jesus Rodrigo,38
Jesus Rogelio,38
Jesus Santiago,36
Jesus Ulises,36
Joaquin Francisco,44
Joel Alberto,35
Joel Alejandro,35
Jorge Albert,46
Jorge Felix,41
Jorge Orlando,39
Jorge Ruben,40
Jorge Salvador,44
Jose Camilo,47
Jose Cirilo,48
Jose Dagoberto,42
Jose Evaristo,46
Jose Ezequiel,49
Jose Guada,48
Jose Herminio,48
Jose Jacobo,43
Jose Lucio,50
Jose Merced,49
Jose Narciso,46
Jose Neftali,41
Jose Othon,46
Jose Pascual,48
Jose Salome,47
Jose Ubaldo,42
Juan Benito,35
Juan German,44
Juan Israel,34
Juan Omar,36
Juan Oscar,43
Juan Rodrigo,44
Julio Adrian,26
Julio Ces,39
Lucio Alberto,37
Luis A,46
Luis Albert,40
Luis Mariano,47
Luis Pedro,39
Luis Salvador,49
Marco Ant,46
Marco Cesar,34
Mario Adrian,39
Mario Daniel,40
Mario Jose,37
Mario Miguel,39
Marlon,35
Martin A,47
Martin Raul,44
Maurino,48
Miguel Alfonso,38
Miguel Alonso,41
Miguel Gerardo,47
Mucio,50
Nahu,38
Nahun,39
Navor,43
Omar Fernando,38
Oscar Jose,39
Pantaleon,46
Pedro Daniel,31
Pedro Gabriel,43
Pedro Humberto,44
Quetzalcoatl,33
Rafael Francisco,42
Rafael Humberto,48
Ramiro Antonio,45
Ramon Armando,43
Ramon Guadalupe,40
Ramon Manuel,45
Randy,31
Raul Daniel,38
Raul Ivan,29
Ricardo Rafael,42
Rodolfo Antonio,42
Rodolfo De Jesus,35
Roger Ivan,40
Roman Antonio,42
Ruben Arturo,37
Ruben David,37
Ruben Gerardo,45
Ruben Jesus,42
Rufo,45
Salvador Alejandro,32
Sergio Augusto,40
Sergio Ernesto,38
Sergio Hugo,43
Sergio Noe,34
Sergio Ruben,43
Susano,44
Tereso De Jesus,47
Tomas Francisco,46
Victor David,38
Victor Gerardo,38
Victor Humberto,44
Victor Rafael,44
Victor Rene,42
Victor Rogelio,41
Wilbert Antonio,42
Zaid,34
Adrian Fernando,33
Adrian Ricardo,29
Ageo,46
Albertico,43
Alberto Rafael,37
Alcibiades,45
Aldegundo,49
Aldo Alejandro,37
Ananias,45
Andres Alberto,32
Andres Antonio,45
Andres Guadalupe,35
Angel Israel,39
Antonio Abad,44
Antonio Alejandro,41
Antonio Javier,44
Argenis,26
Armando Martin,48
Arturo Martin,45
Asdrubal,39
Asencion,47
Baruch,40
Belizario,47
Canuto,46
Caritino,48
Carlos Al,34
Carlos Alb,38
Carlos Efrain,36
Carlos German,38
Carlos Jaime,44
Carlos Sergio,45
Carlos Ulises,36
Cesar Fabian,34
Cesar Miguel,34
Cesar Ramon,37
Cesar Ricardo,37
Christian Adrian,28
Christian Manuel,28
Daniel Martin,32
Darvelio,45
David Alfredo,42
David Roberto,40
Deciderio,46
Diego De Jesus,30
Dorian,35
Edelmiro,46
Edgar Gilberto,32
Edgar Gustavo,36
Edgar Ricardo,35
Edgar Saul,36
Ediberto,34
Eliberto,45
Elizandro,43
Elver,37
Enio,46
Enrique Alfonso,39
Erik De Jesus,30
Ernestino,49
Etelberto,53
Eudocio,47
Exiquio,48
Felipe Santiago,44
Felizardo,45
Fernando Ivan,30
Fernando Rafael,35
Florenciano,48
Francisco Felipe,40
Francisco Rene,43
Francisco Ricardo,39
Francisco Tomas,45
Frumencio,50
Gabriel Armando,38
Gandhi,26
Geovanny,28
Gerardo David,33
Guillermo Eduardo,40
Gustavo Antonio,40
Gustavo Ivan,29
Hector Guadalupe,38
Hoguer,40
Hugo Adrian,32
Hugo Alonso,36
Hugo Humberto,41
Ignacio Alberto,45
Ismael Antonio,42
Israel Alejandro,31
Issac,35
Ivan Daniel,32
Ivan Emmanuel,27
Ivan Francisco,32
Ivan Guadalupe,30
Ivan Noe,33
Ivan Rafael,34
Ivan Ulises,35
J Asuncion,51
J De Jesus,52
J Martin,49
J Natividad,48
J Pilar,49
J. Francisco,50
J. Juan,56
J. Martin,47
J. Rosario,52
Jaime David,42
Jaime Omar,34
Javier David,37
Javier Humberto,43
Javier Ulises,32
Jerardo,40
Jesus Benjamin,44
Jesus Reynaldo,35
Jesus Roman,33
Jorge Horacio,39
Jorge Leonel,38
Jorge Valente,38
Jorge Victor,43
Jose Alfr,49
Jose Alfre,44
Jose Anastacio,53
Jose Anto,44
Jose Apolonio,48
Jose De Los Angeles,45
Jose Fausto,46
Jose Fortino,50
Jose Franci,43
Jose Gpe,51
Jose Hipolito,46
Jose Homero,43
Jose Isidoro,44
Jose Jose,30
Jose Juventino,48
Jose Leandro,43
Jose Lu,46
Jose Paz,50
Jose Remedios,44
Jose Rosalio,40
Josue Abraham,29
Josue Alejandro,28
Josue Daniel,29
Josue Emmanuel,29
Josue Ivan,26
Juan Bosco,49
Juan Cristobal,33
Juan Fermin,42
Juan Gregorio,40
Juan Ivan,32
Juan Julian,34
Juan Lucio,48
Juan Noe,41
Juan Ramiro,41
Julio Armando,39
Julio Fernando,45
Julio Ivan,28
Julio Manuel,46
Kristian,27
Leticia,43
Lucio Antonio,39
Luis Adan,38
Luis Alvaro,37
Luis Aurelio,37
Luis Efren,34
Luis Julian,36
Luis Manue,47
Luis Moises,37
Luis Raymundo,45
Luis Rodrigo,39
Luis Roman,35
Manuel Guillermo,43
Manuel Omar,41
Manuel Rafael,39
Manuel Rodolfo,33
Marco Alberto,31
Mario A,45
Mario Raul,45
Martin Carlos,47
Martin Salvador,43
Meregildo,45
Miguel Andres,43
Miguel Carlos,40
Moises Antonio,39
Nestor Javier,33
Octavio Alejandro,34
Omar Alonso,36
Omar Ulises,32
Onorio,44
Oscar Alonso,36
Oscar Gilberto,40
Oscar Guillermo,40
Oscar Joel,39
Oscar Oswaldo,34
Oscar Ramon,40
Pablo Francisco,42
Pedro David,34
Pedro Guillermo,50
Pedro Israel,31
Pedro Raul,42
Ramon Gerardo,47
Raul Alfonso,43
Raul David,35
Raul Martin,45
Rene Arturo,38
Ricardo Adrian,36
Ricardo David,37
Rivelino,37
Roberto Cesar,37
Roberto Rafael,37
Robin,40
Rodolfo Armando,47
Rodolfo Enrique,38
Rodrigo Alejandro,33
Ronald,35
Santiago De Jesus,34
Sergio Edgar,37
Sergio Martin,42
Sergio Ulises,38
Tirzo,47
Tomas Alejandro,39
Victor Andres,36
Victor Guadalupe,43
Victor Hug,44
Victor Joel,37
Victor Noe,45
Victor Samuel,42
Victor Ulises,28
Wilmer,32
Yovani,34
Zeus,35
Abacu,41
Abigael,37
Abiud,44
Adan Alberto,35
Ademar,41
Adrian Alejandro,35
Alberto Israel,31
Aldo Francisco,34
Alfonso Francisco,47
Alfredo Antonio,43
Alfredo Javier,43
Allan,32
Alvaro Javier,43
Alvaro Manuel,39
Andrei,29
Andres Arturo,41
Andres De Jesus,43
Andres Eduardo,41
Andres Jesus,39
Angel Adrian,34
Angel Arturo,47
Angelino,43
Antonio Alberto,39
Antonio Cesar,45
Antonio Jose,45
Arnold,33
Arturo Alberto,38
Arturo Antonio,39
Audel,43
Aureo,46
Bernal,42
Bulfrano,42
Carlos A,41
Carlos Aaron,31
Carlos Abel,42
Carlos Edmundo,42
Carlos Ismael,39
Carlos Tomas,44
Cesar Jose,41
Christian Armando,28
Christian Emmanuel,26
Christian Israel,27
Cosme Damian,44
Damiano,47
Daniel Alfonso,35
Daniel De Jesus,33
Daniel Roberto,41
David Andres,35
David Armando,40
David Daniel,37
David De Jesus,39
David Rey,41
Ebodio,46
Edgar Andres,30
Edgar Emmanuel,28
Edgar Ernesto,35
Edgar Guillermo,33
Edgar Ignacio,35
Edgar Isaac,30
Edgar Roberto,35
Edgar Uriel,27
Edgard,37
Edher,28
Eduardo Alfonso,43
Eduardo Alonso,33
Eduardo Humberto,35
Eduardo Ivan,29
Eduardo Rene,46
Edwin Alberto,31
Eliecer,48
Eliuth,42
Emmanuel De Jesus,31
Enrique Eduardo,48
Enrique Gerardo,47
Enrique Jesus,42
Enrique Manuel,39
Enrique Martin,43
Erick De Jesus,29
Erick Eduardo,30
Erick Francisco,28
Erik Alejandro,32
Ernesto Rafael,39
Fausto Enrique,42
Febronio,49
Felix Alejandro,39
Fernando Alonso,43
Fernando Israel,31
Francis,39
Francisco Alfonso,41
Francisco Carlos,45
Francisco De Asis,44
Francisco Efren,37
Francisco Nicolas,43
Francisco Octavio,44
Fray Martin,46
Freddy Alberto,35
Freddy Antonio,41
Gabriel Francisco,37
Galindo,38
Gerardo Alfonso,42
Gerardo Daniel,32
Gerardo Gabriel,37
German Antonio,39
Gersain,32
Gonzalez,45
Gregorio Alfonso,53
Guadalupe Antonio,47
Guillermo David,36
Guillermo Fernando,39
Gustavo Alfredo,40
Hector Augusto,31
Hector Gustavo,37
Hector Juan,43
Hector Salvador,44
Herbert,42
Hesiquio,50
Hilarino,47
Horlando,43
Hugo Jesus,37
Hugo Rafael,35
Hugolino,47
Igor,39
Inosencio,44
Isaid,35
Ismael Alejandro,34
Israel De Jesus,34
Ivan Eduardo,29
Ivan Fernando,33
J Armando,50
J Marcos,52
Jesus Horacio,41
Jesus Osvaldo,40
Jesus Rolando,47
Jesus Rosario,37
Jesus Sebastian,38
Joel Arturo,34
Joel Eduardo,40
Joel Guadalupe,42
Joel Humberto,42
Jonathan Alejandro,26
Jorge A,50
Jorge Hilario,46
Jorge Saul,38
Jorge Valentin,40
Jose Albino,46
Jose Alejo,45
Jose Ant,43
Jose Benigno,49
Jose Cecilio,45
Jose Constantino,46
Jose Erick,35
Jose Eulogio,48
Jose Fernand,43
Jose Jacinto,48
Jose Lauro,48
Jose Magdaleno,47
Jose Misael,41
Jose Paul,36
Jose Valente,47
Jose Venancio,45
Jose Victoriano,46
Jose Virgilio,47
Josue Alberto,31
Jos√© Luis,50
Jovito,54
Juan Bernardino,45
Juan Dario,45
Juan Gonzalo,42
Juan Ismael,43
Juan Jose Guadalupe,41
Juan Leonel,40
Lauriano,47
Leodan,34
Liberio,44
Limbano,47
Limber,43
Lorenzo Rafael,42
Luis Abel,41
Luis Amado,41
Luis Eugenio,42
Luis J,50
Luis Vladimir,37
Manases,42
Manuel Javier,49
Manuel Jesus De Atocha,47
Manuel Octavio,38
Marbel,38
Marco Alfonso,43
Marco Alfredo,39
Marcos Eduardo,37
Marcos Francisco,42
Marcos Gerardo,35
Maria De Jesus,43
Mario Esteban,44
Mario Sergio,45
Mario Ulises,38
Martin Adrian,37
Martin Gilberto,41
Martin Ricardo,42
Mauricio Alberto,41
Mauricio Antonio,37
Miguel Martin,46
Mijail,38
Miqueas,41
Mizael,37
Nefi,43
Nestor David,33
Nestor Enrique,33
Nieves,46
Nohe,46
Olivero,41
Omar De Jesus,33
Omar Salvador,33
Oney,38
Oscar Alfonso,32
Oscar Andres,42
Oscar Jaime,48
Oscar Leonel,45
Oscar Ulises,34
Pablo Martin,46
Panuncio,44
Pedro Agustin,41
Pedro Fernando,38
Pedro Roberto,49
Pepe,38
Pompilio,55
Priciliano,46
Proceso,56
Radames,36
Rafael Andres,42
Rafael Arturo,48
Rafael Gerardo,44
Ramon Adrian,39
Raul Javier,49
Raul Roberto,36
Ricardo Ernesto,38
Roberto Armando,43
Roberto Daniel,33
Roberto Ignacio,49
Rocio,38
Rogelio Alberto,35
Roy,42
Ruben Manuel,43
Ruffo,53
Salvador Enrique,40
Saul Enrique,43
Sergio A,46
Sergio Gerardo,39
Sergio Horacio,47
Sergio Ignacio,40
Sergio Israel,34
Sergio Mario,38
Sergio Pablo,46
Sinforiano,42
Teodomiro,49
Tiberio,47
Tomas Antonio,35
Transito,52
Victor Ignacio,38
Walberto,31
Wilian,40
Ysaias,49
Ysidro,51
Zosimo,50
Abdel,39
Acacio,44
Adrian Guadalupe,36
Alberto Guadalupe,35
Alberto Isaac,42
Alberto Rene,35
Alder,32
Aldo Emmanuel,27
Alejandro Cruz,41
Alejandro Martin,46
Alfonso Guadalupe,40
Alfonso Jose,40
Alvino,44
Ampelio,50
Andres Enrique,41
Andres Fernando,44
Andres Martin,46
Angel Gustavo,40
Angel Humberto,36
Angel Ignacio,40
Angel Uriel,29
Antioco,49
Aparicio,43
Areli,35
Armando Arturo,44
Armando Manuel,44
Armando Rafael,36
Arturo Fernando,47
Arturo Manuel,42
Audelino,43
Augusto Cesar,36
Avelardo,40
Axayacatl,37
Azariel,48
Baudel,31
Belarmino,54
Benito De Jesus,33
Blas Antonio,42
Bogar,37
Bricio,47
Carlos Angel,35
Carlos Esteban,40
Carlos Heriberto,35
Carlos Horacio,37
Carlos Joel,42
Carlos Julian,40
Carlos Lorenzo,43
Carlos Moises,37
Carlos Noel,37
Carlos Renan,43
Carlos Rodolfo,33
Carlos Santiago,36
Carlos Saul,39
Carlos Vladimir,30
Cesar Abraham,33
Cesar De Jesus,35
Cesar Joel,42
Cesar Rodrigo,32
Cesar Rogelio,38
Christian Eduardo,28
Christian Javier,28
Cresenciano,45
Cristian Alejandro,30
Cruz Enrique,45
Cruz Omar,33
Daniel Angel,43
David Ignacio,36
David Moises,36
Diego Francisco,33
Domingo De Jesus,43
Edgar Alan,32
Edgar Alfredo,32
Edgar Ariel,37
Edgar Benjamin,39
Edgar Orlando,34
Edgar Ruben,36
Edin,38
Eduardo Federico,40
Eduardo Salvador,43
Eleocadio,47
Elesban,42
Elmar,42
Eric Alberto,34
Erick Antonio,27
Erick David,30
Erick Manuel,31
Erik Daniel,28
Erik Eduardo,30
Erik Ivan,30
Erik Omar,32
Ernesto Carlos,34
Esaul,41
Esiquio,48
Eufracio,46
Euler,33
Euripides,46
Fco. Javier,50
Felicito,46
Felipe Manuel,43
Felipe Nery,41
Fernando Miguel,39
Fidelmar,46
Francisco Abel,39
Francisco Elias,45
Francisco Emmanuel,30
Francisco Gustavo,46
Francisco Ignacio,39
Francisco Leonel,41
Francisco Rodolfo,41
Frank,36
Fredy Antonio,35
Gabriel Arcangel,43
Gabriel Eduardo,33
Geovany,29
Gerardo Guadalupe,41
Gerardo Ignacio,33
Gerardo Miguel,39
Guillermo Jesus,42
Gustavo Armando,31
Gutberto,45
Hans,34
Hector Efren,47
Hector Esteban,36
Hector Joel,39
Hector Julian,50
Hector Noe,42
Hector Rogelio,38
Hector Santiago,45
Hugo Adalberto,39
Hugo Martin,40
Hugo Rene,33
Hugo Ricardo,42
Hugo Salvador,45
Humberto Antonio,42
Humberto De Jesus,40
Humberto Manuel,38
Imer,37
Irving Uriel,41
Ivan Alfredo,31
Ivan Alonso,35
Ivan Jesus,32
Ivanhoe,33
J Eleazar,48
J Jaime,53
J Juan,49
J. Angel,52
J. Luz,50
J. Merced,49
J. Socorro,50
Jahir,32
Jaime Rafael,41
Jaime Ruben,45
Jassiel,28
Javier Salvador,43
Jesus A,47
Jesus Augusto,41
Jesus Aurelio,35
Jesus Clemente,38
Jesus Edgardo,34
Jesus Fidel,41
Jesus Filiberto,36
Jesus Juan,49
Jesus Leobardo,43
Jesus Pablo,41
Jhony,32
Joaquin Fernando,48
Joaquin Manuel,48
Joel David,36
Joel Ivan,30
Jorge Adan,34
Jorge Anibal,49
Jorge Antoni,46
Jorge Cesar,42
Jorge Edgar,38
Jorge Emmanuel,29
Jorge Jose,43
Jorge Mauricio,42
Jorge Osvaldo,36
Jorge Pablo,40
Jorge Rodolfo,43
Jorge Rolando,39
Jose Alan,31
Jose Albert,42
Jose Alejandr,44
Jose Amilcar,39
Jose Anibal,39
Jose Anselmo,48
Jose Atila,43
Jose Bartolo,54
Jose Carmelo,45
Jose Cipriano,51
Jose Claudio,57
Jose Conrado,45
Jose Eleuterio,51
Jose Eusebio,45
Jose Fidencio,44
Jose Flavio,43
Jose Fortunato,41
Jose Higinio,43
Jose Inocente,48
Jose Isauro,41
Jose J,43
Jose Jesu,51
Jose Ma.,53
Jose Macario,48
Jose Man,47
Jose Nabor,49
Jose Nestor,51
Jose Servando,41
Jose Silverio,39
Jose Teofilo,49
Jose Vladimir,33
Jovani,31
Jovanny,28
Juan Antoni,51
Juan C,47
Juan Eleazar,44
Juan Emmanuel,27
Juan Everardo,40
Juan Faustino,39
Juan Man,53
Juan Moises,39
Juan Nicolas,44
Juan Silvestre,38
Juan Valentin,32
Julian Enrique,36
Julio Alfredo,41
Julio Angel,49
Kennedy,34
Leo,41
Leovardo,44
Longino,48
Lorenzo Arturo,44
Lorenzo De Jesus,42
Lorenzo Javier,41
Lucrecio,47
Luis Dario,40
Luis Edgardo,45
Luis Edmundo,41
Luis Felipe De Jesus,47
Luis Fidel,36
Luis Guadalupe,49
Luis Leonardo,39
Luis Noe,39
Luis Uriel,30
Macrino,51
Manuel Alonso,35
Manuel David,36
Manuel Esteban,35
Manuel Reyes,46
Marcel,34
Marco Alejandro,41
Marcos Daniel,34
Marcos David,33
Marcos Ivan,28
Marcos Jose,40
Marcos Rafael,41
Mario Andres,40
Mario Felipe,47
Mario Ignacio,42
Mario Ricardo,46
Martin Armando,38
Martin Daniel,43
Martin Guillermo,45
Martin Gustavo,44
Martin Ignacio,46
Martin Lorenzo,45
Martin Luis,43
Martin Oscar,44
Matilde,44
Medel,38
Meinardo,49
Miguel Ivan,28
Miguel Roberto,40
Moises Alberto,44
Moises De Jesus,42
Nau,39
Nectali,36
Neil,38
Nestor Manuel,38
Noe Guadalupe,41
Octavio Augusto,38
Oel,47
Oscar Edgardo,37
Oscar Efrain,40
Oscar Emilio,41
Oscar Israel,32
Oscar Joaquin,38
Oscar Noel,38
Oscar Rolando,39
Ossiel,31
Oved,37
Pablo Gerardo,46
Pablo Jesus,34
Pablo Roberto,43
Pascasio,49
Pedro Andres,40
Pedro Bernardo,48
Rafael Ernesto,41
Rafael Ivan,38
Ramiro De Jesus,41
Ramon Alfredo,41
Ramon Ignacio,39
Raul Esteban,38
Raunel,43
Rene Antonio,39
Rene De Jesus,39
Rene Fernando,43
Ricardo Alfredo,38
Ricardo Armando,42
Ricardo Guadalupe,39
Ricardo Ivan,29
Roberto Carlo,32
Roberto Clemente,34
Roberto Esteban,43
Roberto Gerardo,39
Roberto Jaime,47
Roberto Jose,39
Rodrigo Alberto,30
Rodrigo Antonio,40
Rogelio Arturo,41
Rolando Javier,46
Rosember,43
Rubelio,47
Ruben Angel,49
Ruben De Jesus,36
Salvador Armando,42
Sanchez,43
Santos Manuel,41
Saul Arturo,35
Sergio Angel,45
Sergio Carlos,46
Sergio Gabriel,42
Sergio Gustavo,39
Sergio Vicente,40
Silvia,45
Simplicio,51
Sinar,42
Sinhue,33
Tadeo,38
Teobaldo,46
Tony,36
Tulio,43
Victor Adan,35
Victor De Jesus,40
Victor Emmanuel,30
Victor Ernesto,37
Victor Roberto,41
Viviano,40
Vulfrano,44
Wilbert Jesus,45
Adan Alejandro,38
Adrian Eduardo,31
Adrian Francisco,32
Adriel,38
Ahuizotl,35
Albano,50
Alberto Esteban,39
Aldo Daniel,27
Alejandro Arturo,42
Alejandro Francisco,35
Alejandro Jose,36
Alfonso Enrique,46
Alfredo Guadalupe,47
Alfredo Jose,46
Almaquio,49
Alvaro Jesus,41
Andres Gilberto,48
Andres Noe,44
Angel Alfredo,46
Angel Miguel,49
Angel Ramon,37
Angel Salvador,40
Angel Tomas,37
Angelberto,44
Angelo,46
Antonio Arturo,47
Antonio Carlos,45
Antonio Fernando,46
Antonio Salvador,37
Antulio,56
Armando Alberto,39
Arturo Gerardo,46
Arturo Ivan,30
Arturo Jesus,43
Arturo Rafael,45
Atahualpa,38
Bernardo Javier,41
Betuel,42
Bismarck,35
Calletano,46
Carlos Edgar,34
Carlos Josue,28
Carlos Misael,27
Carlos R,44
Carlos Rogelio,44
Carlos Vicente,41
Carolino,48
Cenovio,46
Cesar Agustin,33
Cesar Aurelio,35
Cesar Edgardo,35
Cesar Gilberto,42
Cesar Ismael,48
Cesar Leonel,37
Cesar Mauricio,37
Cesar Orlando,29
Cesar Raymundo,45
Claro,49
Crecenciano,45
Cristian Omar,29
Daniel Adrian,31
Daniel Fernando,30
Daniel Octavio,36
Darvin,36
David Noe,35
David Omar,36
David Uriel,33
Diodoro,49
Edgar Cesar,41
Edgar Efrain,33
Edgar Felipe,37
Edgar Misael,30
Edgar Santiago,31
Edie,44
Ediel,32
Edmundo Javier,42
Eduardo Ernesto,37
Eduardo Israel,31
Eduardo Raul,42
Eduviges,46
Edwin Ivan,26
Eliut,44
Emerit,41
Enmanuel,33
Enrique Ivan,32
Eray,44
Eric Antonio,39
Eric David,38
Eric Eduardo,33
Erick Arturo,29
Erick Fernando,31
Erick Roberto,28
Erik Alberto,29
Erik Gabriel,35
Ernesto Alfonso,41
Ernesto Arturo,40
Estuardo,45
Federico De Jesus,45
Felipe Alfonso,36
Felipe Armando,48
Felipe De,41
Felipe Francisco,46
Felix Francisco,45
Felix Gerardo,39
Fernando Alejandro,40
Fernando Humberto,43
Fernando Martin,42
Fernando Raul,46
Fidel Antonio,40
Francisco Agustin,43
Gabriel Omar,28
Gerardo Humberto,37
Gerardo Jose,45
Gerardo Martin,45
Gerardo Raul,42
German Enrique,47
Gerzain,34
Gilberto Jesus,43
Giovanny,26
Glafiro,48
Guadalupe Manuel,52
Guillermo De Jesus,41
Guillermo Francisco,45
Guillermo Rafael,39
Gustavo De Jesus,39
Gustavo Javier,44
Guzman,42
Hammurabi,34
Hector Angel,39
Hector Humberto,39
Hector Ismael,46
Hector Leonel,41
Hector Manue,46
Hector Roberto,49
Helio,44
Heracleo,46
Herbey,39
Hiram Abif,26
Horacio De Jesus,45
Hugo Andres,36
Hugo Gerardo,43
Hugo Ignacio,35
Hugo Manuel,40
Hugo Sergio,39
Humberto Javier,46
Humberto Rene,36
Ignacio Martin,48
Imeldo,50
Irais,35
Irving Alejandro,28
Irving Manuel,32
Isau,41
Israel Antonio,37
Ivan Alberto,30
Ivan Enrique,36
Ivan Ricardo,33
J David,48
J Encarnacion,54
J Javier,53
J. Carlos,49
J. Manuel,52
J. Salvador,45
Jaime De Jesus,38
Jaime Guadalupe,37
Janitzio,39
Javier Alfonso,38
Javier Alfredo,41
Javier Angel,44
Javier Ernesto,38
Javier Ignacio,43
Javier Israel,32
Javier Martin,47
Javier Nicolas,43
Javier Octavio,41
Javier Orlando,41
Jerson,35
Jesus Amado,45
Jesus Arnulfo,36
Jesus Artemio,42
Jesus Eloy,48
Jesus Fabian,31
Jesus German,43
Jesus Jonathan,24
Jesus Ma.,51
Jesus Mauricio,41
Jesus Moises,36
Jesus Norberto,42
Jesus Samuel,40
Jesus Saul,47
Jesus Victor,45
Jhovany,26
Joel Ernesto,38
Joel Luis,48
Jorge Edmundo,39
Jorge Felipe,49
Jorge Gustavo,44
Jorge Homero,43
Jorge Misael,37
Jorge Pedro,38
Jorge Ramiro,45
Jorge Raymundo,38
Jorge Santiago,34
Jorge Uriel,33
Jorge Vidal,45
Jose Albe,37
Jose Alber,44
Jose Amando,51
Jose Baldomero,41
Jose Blas,51
Jose Celestino,46
Jose Cornelio,49
Jose Crispin,48
Jose De,47
Jose Eliud,44
Jose Elpidio,49
Jose Emanuel,32
Jose Franc,44
Jose Francisco Javier,45
Jose Freddy,38
Jose Fredi,46
Jose Fredy,47
Jose Gil,43
Jose Gildardo,45
Jose Hermilo,46
Jose Inocencio,38
Jose Librado,51
Jose Loreto,51
Jose Lucas,52
Jose Luiz,47
Jose Manu,45
Jose Marino,38
Jose Maximiliano,44
Jose Olegario,45
Jose Rito,43
Jose Santana,50
Jose Serafin,53
Jose Sixto,40
Jose Wilfrido,41
Josue David,28
Juan A,49
Juan Abraham,36
Juan Alvaro,44
Juan Ariel,46
Juan Artemio,39
Juan Efren,40
Juan Florencio,56
Juan Horacio,45
Juan Joel,36
Juan Maria,47
Juan Porfirio,44
Juan Samuel,39
Juan Saul,41
Juana,45
Julian Jesus,42
Julio C,50
Julio Hector,50
Julio Humberto,44
Julio Martin,39
Julio Omar,36
Julio Ramon,44
Kevin,28
Leobigildo,46
Leon Felipe,39
Leonilo,45
Lester,40
Lorenzo Enrique,41
Luis Albe,30
Luis Alonzo,40
Luis Emmanuel,29
Luis Erasmo,36
Luis Fernand,36
Luis Lorenzo,45
Luis Noel,37
Luis Norberto,39
Luis Reyes,45
Luis Samuel,38
Luis Ulises,29
Luis Vicente,40
Lustein,46
Manuel Andres,37
Manuel Dario,37
Manuel De Jesu,49
Manuel Gilberto,47
Manuel Gustavo,40
Manuel J,49
Manuel Luis,54
Manuel Roman,46
Marco Ivan,40
Marcos Jesus,38
Maria Elena,45
Maria Jesus,45
Mario Alber,42
Mario Ariel,41
Mario Carlos,43
Mario Gilberto,39
Mario Hector,47
Mario Jorge,45
Marte,46
Martin Cesar,47
Martin Jose,45
Martin Rodrigo,45
Martin Santos,47
Martin Vicente,46
Miguel Dario,38
Miguel Elias,43
Miguel Ignacio,49
Minervo,49
Moises David,33
Nasario,45
Nataniel,30
Naum,42
Nemias,45
Noe Fernando,33
Normando,45
Obeth,37
Omar Armando,32
Omar Edel,36
Omar Guadalupe,35
Omar Ignacio,33
Oniver,35
Oscar Ariel,38
Oscar Emmanuel,29
Oscar Esteban,38
Oscar Ruben,40
Oscar Uriel,29
Pablo Adrian,35
Pablo De Jesus,41
Pablo Humberto,35
Pablo Ivan,32
Pablo Rafael,36
Paul Ivan,34
Paulin,48
Pavel Ivan,31
Pedro Alfredo,39
Pedro Carlos,49
Pedro Fabian,37
Pedro Joaquin,34
Pedro Jorge,41
Pedro Rene,41
Pedro Roman,47
Pedro Ulises,35
Pioquinto,49
Quintiliano,45
Rafael Arcangel,41
Rafael Armando,41
Rafael Eduardo,43
Rafael Jesus,41
Rafael Ricardo,43
Ramiro Alejandro,35
Ramon Jesus,42
Ramon Luis,41
Raul Adrian,43
Raul Guadalupe,46
Raul Mario,41
Raul Omar,39
Raul Rene,39
Raul Ricardo,45
Raul Rodrigo,39
Raul Sergio,44
Rausel,39
Raymundo Antonio,33
Rene Alfonso,47
Rene Manuel,43
Reyes Francisco,36
Ricardo Francisco,40
Ricardo Israel,33
Ricardo Martin,40
Ricardo Miguel,40
Ricardo Omar,33
Roberto Adrian,33
Roberto Alonso,33
Roberto Fernando,41
Roberto Francisco,41
Roberto Luis,43
Roberto Ramon,42
Rodolfo Adrian,39
Rodolfo Arturo,40
Rodolfo Manuel,34
Rodrigo Ernesto,34
Rogelio De Jesus,39
Rogelio Ivan,27
Roger David,43
Rudi,39
Salim,38
Salvador Arturo,38
Samuel Alejandro,29
Samuel Antonio,44
Santiago Manuel,37
Saul Alberto,33
Sergio Agustin,36
Sergio Benjamin,41
Sergio Elias,45
Sergio Emmanuel,27
Sergio Gonzalo,45
Sergio Jose,40
Sergio Paulo,35
Sergio Rodolfo,36
Sergio Rogelio,42
Sergio Salvador,44
Sergio Samuel,42
Seth,48
Silbano,46
Sinue,33
Sosimo,38
Tlaloc,37
Trancito,47
Ultiminio,41
Urbino,44
Uri,35
Valentino,41
Verulo,52
Vicente Alejandro,36
Vicente Antonio,42
Vicente De Jesus,43
Vicente Javier,46
Victor Aurelio,42
Victor Emilio,38
Victor Leonel,38
Victor Mario,41
Victor Ruben,40
Victor Santiago,44
Victor Vicente,43
Vitaliano,46
Wenseslao,47
Wilberth Antonio,40
William Alberto,45
Yocundo,45
Yony,35
Yovany,32
Abel Alejandro,35
Abel Antonio,41
Abel Ricardo,42
Abraham Alejandro,38
Abraham De Jesus,33
Abran,44
Adair,28
Adelin,42
Adrian Antonio,34
Adriano,50
Agustin Gerardo,44
Alan Eduardo,31
Alberto Armando,46
Alberto Daniel,41
Alberto Ivan,33
Alberto Luis,48
Aldo Ernesto,32
Aldo Gabriel,31
Aldo Sergio,33
Alejandro Rafael,39
Alfonso Alberto,42
Alfonso De Jesus,38
Alfonso Manuel,46
Alfonso Rafael,37
Alfredo Arturo,40
Alvaro Francisco,40
Alvaro Gabino,45
Andres Humberto,40
Andres Manuel,54
Andres Miguel,41
Angel Agustin,43
Angel Carlos,45
Angel Ernesto,39
Angel Noe,38
Angel Raul,44
Antenor,47
Anthony,29
Antonio Alfredo,47
Antonio Rafael,51
Argel,29
Ariel Alberto,35
Ariel Enrique,46
Armando Antonio,41
Armando Guadalupe,44
Armando Silvestre,36
Arturo Cesar,41
Arturo Eduardo,44
Arturo Francisco,44
Arturo Gabriel,33
Arturo Guillermo,45
Arturo Israel,33
Arturo Salvador,44
Asariel,44
Audiel,39
Avel,44
Ayax,37
Benito Jose,44
Benjamin Alejandro,32
Benjamin Antonio,46
Biliulfo,43
Bismark,37
Buena Ventura,43
Carlos Adan,44
Carlos Alexis,37
Carlos Aurelio,39
Carlos Cuauhtemoc,44
Carlos Damian,36
Carlos Elias,32
Carlos Enriq,34
Carlos Hernan,38
Carlos Isaac,32
Carlos Nicolas,42
Carlos Rodrigo,34
Carlos Samuel,37
Carlos Victor,49
Carlos Vidal,38
Celin,42
Cerafin,49
Cesar Cuauhtemoc,46
Cesar Emmanuel,25
Cesar Homero,40
Cesar Hugo,43
Cesar Ignacio,38
Cesar Oswaldo,39
Cesar Roberto,35
Cesar Rodolfo,36
Cesar Ruben,40
Cesar Uriel,29
Christian Enrique,30
Christian Gerardo,26
Christian Ulises,29
Cinar,44
Claudia,37
Claudio Cesar,39
Conrrado,42
Crisostomo,43
Cristian Alberto,30
Cristian De Jesus,29
Cruz Armando,35
Custodio,48
Dahir,31
Daniel Andres,37
Daniel Francisco,33
Daniel Guadalupe,35
Daniel Isaac,28
David Angel,39
David Elias,36
David Emmanuel,27
David Isaac,33
David Javier,42
David Rafael,41
David Salvador,30
David Saul,41
David Ulises,34
Dennis,31
Diego Alfonso,31
Domingo Alberto,48
Eder Jair,26
Edgar Angel,34
Edgar Baltazar,31
Edgar Emilio,34
Edgar Fabricio,32
Edgar Fidel,32
Edgar Gabriel,32
Edgar Horacio,36
Edgar Joel,28
Edgar Jonathan,29
Edgar Josue,29
Edgar Leonel,31
Edgar Octavio,32
Edgar Paul,35
Edgar Rogelio,35
Edgar Salvador,36
Eduardo Alfredo,39
Eduardo Benjamin,42
Eduardo Cesar,36
Eduardo David,33
Eduardo Ignacio,35
Eduardo Ismael,31
Edwin Antonio,33
Eliasib,31
Elihu,37
Elizardo,35
Elviro,48
Emidio,43
Emmanuel Antonio,30
Eneas,35
Enrique Daniel,36
Enrique David,39
Enrique Del Carmen,48
Enrique Guadalupe,40
Eric Francisco,36
Eric Omar,29
Erick Adrian,31
Erick Javier,29
Ernesto Alberto,41
Ernesto Guadalupe,36
Ernesto Ivan,32
Ernesto Jesus,35
Erubey,36
Estreberto,50
Eusevio,48
Eustasio,54
Everaldo,37
Fabiel,34
Federico Alberto,44
Federico Antonio,36
Felipe Del Jesus,38
Felipe Eduardo,45
Felipe Jose,45
Felix Daniel,36
Felix Javier,46
Felix Jesus,40
Felix Jose,51
Felix Omar,31
Fermin Antonio,47
Fernando Adrian,39
Fernando Alfonso,39
Fernando David,35
Fernando Gerardo,45
Fernando Marcos,40
Fernando Roberto,44
Fernel,42
Fidel Armando,46
Flavio Antonio,42
Francisco A,50
Francisco Aaron,40
Francisco Aurelio,46
Francisco Esteban,48
Francisco Ezequiel,33
Francisco Fidel,43
Francisco Filiberto,48
Francisco German,41
Francisco Julian,41
Francisco Omar,36
Francisco Sebastian,40
Freddi,46
Froebel,41
Fulvio,46
Gabriel Guadalupe,33
Gabriel Martin,43
Gabriela,37
Gavino,35
Gerardo Esteban,48
German Alejandro,33
Gersom,37
Gilberto Ivan,34
Gilberto Roman,40
Giovany,27
Gonzalo Antonio,46
Gregorio Manuel,42
Guadalupe Ivan,32
Gudelio,45
Guerrero,41
Guilibaldo,43
Guillermo Alfonso,40
Guillermo Guadalupe,42
Guillermo Ivan,29
Guillermo Javier,40
Guillermo Luis,53
Gustavo Rene,42
Hamlet,36
Harvey,40
Hector Andres,38
Hector German,49
Hector Gregorio,45
Hector Manu,43
Hector Moises,37
Hector Ramiro,42
Hector Rodolfo,49
Hector Rolando,39
Helder,32
Hernan Francisco,38
Hidelberto,39
Homobono,44
Hugo Alfonso,42
Hugo Benjamin,41
Hugo Carlos,47
Hugo Israel,33
Hugo Jose,42
Hugo Leonel,35
Hugo Rogelio,39
Huitzilihuitl,35
Ignacio Arturo,34
Ignacio Jesus,41
Ignacio Manuel,42
Ignacio Rafael,44
Iroel,29
Isabelino,45
J Apolinar,50
J Arturo,49
J Asencion,54
J Eduardo,49
J Ernesto,56
J Fernando,54
J Gabriel,53
J Inocente,52
J Luz,45
J. Ines,50
J. Inocente,55
J. Ismael,49
J. Mario,50
Jabier,49
Jafet,30
Jaime Adolfo,45
Jaime Armando,44
Jaime Octavio,45
Jaime Rogelio,47
Jairzinho,38
Jared,28
Javier Abraham,30
Javier Augusto,41
Javier Rafael,44
Javier Santiago,43
Jean Paul,33
Jesus Anselmo,38
Jesus Candelario,39
Jesus Domingo,40
Jesus Edmundo,38
Jesus Emanuel,29
Jesus Erasmo,43
Jesus Eugenio,38
Jesus Isaias,43
Jesus Isidro,40
Jesus Joaquin,44
Jesus Manu,46
Jesus Manue,44
Jesus Nicolas,45
Jesus Rey,46
Jesus Reyes,34
Jesus Santos,40
Jesus Trinidad,39
Jesus Vladimir,34
Joaquin Alejandro,32
Joel Adrian,34
Joel De Jesus,40
Joel Gerardo,41
Joel Manuel,35
Joel Roberto,40
Jorge Aaron,34
Jorge Agustin,42
Jorge Eugenio,44
Jorge Heriberto,37
Jorge Jaime,51
Jorge Lorenzo,41
Jorge Noe,35
Jose A,52
Jose Ambrosio,51
Jose Armand,52
Jose Braulio,39
Jose Bruno,43
Jose Cayetano,50
Jose Dante,38
Jose Del Pilar,46
Jose Dionicio,53
Jose Edwin,41
Jose Eladio,48
Jose Eligio,48
Jose Elmer,47
Jose Eric,40
Jose Eulalio,42
Jose Gamaliel,47
Jose Guad,49
Jose Jairo,46
Jose Juan Manuel,43
Jose Justino,48
Jose Luis Antonio,48
Jose Marco Antonio,53
Jose Mateo,50
Jose Maurilio,42
Jose Melquiades,47
Jose Nelson,38
Jose Nicanor,47
Jose Otoniel,41
Jose Ponciano,50
Jose Renan,42
Jose Romeo,37
Jose Romualdo,45
Jose Roque,49
Jose Simon,50
Jose Sotero,52
Jose Urbano,50
Jose Victorino,49
Jose William,38
Juan Albino,45
Juan Amado,44
Juan Aurelio,35
Juan Eloy,43
Juan Eugenio,36
Juan Ezequiel,40
Juan F,56
Juan Fidel,42
Juan Genaro,49
Juan Hugo,45
Juan Isabel,50
Juan J,49
Juan Leopoldo,50
Juan Orlando,44
Juan Oswaldo,31
Juan R,53
Juan Ranulfo,48
Juan Raymundo,48
Juan Simon,50
Juan Ulises,41
Juan Venancio,46
Julian Alberto,42
Julio Arturo,45
Julio Damian,48
Julio Guadalupe,39
Julio Jesus,35
Julio Rafael,45
Julio Rene,41
Julio Sergio,32
Leonardo Alberto,41
Leonardo Enrique,41
Leonardo Javier,31
Leyver,32
Lidia,44
Ligorio,47
Lindolfo,52
Lino Alberto,42
Longinos,50
Lorenso,45
Lorenzo Alberto,39
Lucindo,48
Luis Antoni,37
Luis Arnoldo,46
Luis Arnulfo,35
Luis Artemio,48
Luis Efrain,47
Luis Federico,48
Luis Fermin,38
Luis Fernan,36
Luz,47
Ma Guadalupe,46
Maciel,35
Manlio Fabio,48
Manuel Abraham,36
Manuel Bernardo,38
Manuel De Je,42
Manuel Ismael,41
Manuel Jaime,50
Manuel Ruben,49
Manuel Santiago,42
Manuel Ulises,38
Marcos Javier,39
Marcos Miguel,38
Maria Isabel,42
Maria Magdalena,43
Mariano Antonio,36
Mario Adolfo,43
Mario David,45
Mario Edgar,35
Mario Guillermo,37
Mario Hugo,42
Mario Rene,45
Mario Sebastian,51
Martin Ariel,42
Martin Felipe,46
Martin Gonzalo,45
Martin Horacio,49
Martin Israel,32
Martin Miguel,43
Martin Noe,49
Martin Rene,38
Martin Rolando,40
Mauricio Alejandro,38
Miguel Adrian,32
Miguel Gabriel,46
Miguel Guillermo,42
Miguel Salvador,53
Milton Javier,38
Mizraim,32
Moises Francisco,46
Narciso De Jesus,39
Neofito,53
Nestor Adrian,34
Nestor Alonso,35
Nestor Eduardo,39
Nestor Jesus,29
Nestor Jose,39
Nestor Miguel,35
Nicodemo,42
Noe Antonio,34
Odilio,45
Omar Adrian,29
Omar Ali,30
Omar Felipe,30
Omar Gerardo,33
Omar Javier,33
Omar Rafael,33
Omegar,39
Orfanel,47
Oriel,45
Oscar Angel,42
Oscar Cesar,39
Oscar Efren,40
Oscar Federico,41
Oscar Lenin,37
Oscar Mauricio,34
Oscar Orlando,36
Oscar Pedro,31
Oscar Rodolfo,41
Oscar Salvador,39
Osmin,40
Pablo Alejandro,35
Pablo David,44
Pablo Israel,30
Pablo Manuel,41
Pablo Salvador,40
Paco,47
Paris,35
Patricia,42
Pedro Aaron,32
Pedro Adrian,39
Pedro Emmanuel,26
Pedro Ismael,41
Pedro Julian,43
Pedro Marcelino,44
Pedro Pascual,48
Pedro Ricardo,42
Pedro Ruben,46
Pericles,39
Pio,50
Quintil,52
Rafael Alfonso,39
Rafael Guadalupe,43
Rafael Luis,44
Ramon Alonso,36
Ramon Omar,40
Ramon Rene,49
Ramon Ricardo,37
Ramon Roberto,43
Raul Felipe,38
Raul Ignacio,47
Raul Ramon,55
Raul Santiago,45
Raymundo Jesus,45
Remedio,45
Rene David,42
Rene Francisco,34
Rene Jesus,39
Reyes Manuel,45
Ricardo Andres,42
Ricardo Eduardo,42
Ricardo Emmanuel,32
Ricardo Luis,45
Ricardo Nicolas,39
Ricardo Ulises,31
Rider,42
Rober,43
Roberto Alfonso,42
Roberto Hugo,46
Roberto Martin,49
Roberto Miguel,37
Roberto Omar,35
Roberto Ruben,47
Roberto Ulises,38
Rocael,47
Rodolfo Alberto,41
Rodolfo Alfredo,50
Rodolfo Francisco,41
Rodolfo Jesus,37
Rodolfo Jose,45
Rodriguez,49
Rogelio Guadalupe,36
Rogelio Omar,32
Rogers,45
Romaldo,50
Roman Alberto,38
Roman Jesus,40
Romelio,47
Ronnie,33
Roque Antonio,39
Rosel,46
Roselino,43
Rumaldo,48
Sacramento,55
Salvador Alberto,45
Salvador Antonio,33
Samuel Eduardo,40
Santa Cruz,49
Santiago Arturo,43
Saul Alejandro,31
Saul De Jesus,36
Saul Eduardo,37
Saul Fernando,38
Saul Francisco,32
Sergio Andres,35
Sergio Felipe,42
Sergio Fidel,37
Sergio Guillermo,45
Sergio Ismael,36
Sergio Juan,51
Sergio Leonel,44
Sergio Roman,34
Sergio Tomas,51
Sulpicio,39
Tarcisio,47
Tarsicio,50
Tilo,42
Tomas De Jesus,46
Tomas Fernando,45
Ulises Alejandro,34
Urias,43
Usbaldo,41
Vicente Guadalupe,44
Vicente Manuel,49
Victor Abel,49
Victor Abraham,37
Victor Josue,26
Victor Leonardo,38
Victor Rodolfo,47
Victor Salvador,46
Victor Saul,36
Victor Uriel,31
Vito,47
Wilder,35
William Antonio,45
William Jesus,48
Wilson Ismael,40
Xicohtencatl,34
Yamil,38
Yonathan,28
Ysrael,50
Yuren,39
Zabdiel,40
Abacuc,41
Abertano,51
Adauto,42
Addiel,33
Adelaydo,42
Ademir,30
Adrian Edgardo,39
Adrian Gerardo,41
Adriana,36
Agustin Antonio,44
Agustin Manuel,53
Ahuitzotl,34
Alberico,41
Alberto A,52
Alberto Abraham,32
Alberto Agustin,38
Alberto Gerardo,43
Alberto Jesus,47
Alberto Martin,41
Alberto Miguel,41
Alberto Ramon,47
Aldo Alberto,37
Aldo Fernando,30
Aldo Israel,31
Aldo Jose,28
Aldo Omar,32
Alejandro A,48
Alejandro Gabriel,43
Alejandro Israel,35
Alejandro Jesus,35
Alejandro Manuel,41
Alexi,35
Alfonso Antonio,42
Alfonso Armando,51
Alfonso Octavio,52
Alfonso Roberto,48
Alfonso Ruben,41
Alfonso Salvador,34
Alfredo Alberto,42
Alfredo Alejandro,40
Alfredo Jesus,45
Alvaro Alberto,47
Alvaro Alejandro,40
Alvaro Enrique,42
Alvaro Jose,45
Alvaro Martin,41
Ana Maria,45
Andres Cristobal,50
Andres David,43
Andres Gerardo,38
Andrey,35
Angel Andres,40
Angel Arnulfo,43
Angel Custodio,48
Angel Damian,36
Angel Emilio,44
Angel Fabian,35
Angel Guillermo,37
Angel Remigio,54
Angel Rene,43
Angel Roman,47
Ansberto,51
Antonia,45
Antonio Ariel,48
Antonio Ernesto,47
Antonio Esteban,45
Antonio Gabriel,36
Antonio Ignacio,46
Antonio Miguel,39
Antonio Ramon,42
Antonio Ruben,39
Apolinario,48
Apuleyo,39
Arcangel,44
Arcelio,44
Ariel De Jesus,45
Armando Alejandro,32
Armando Francisco,48
Armando Marcelino,50
Arturo David,34
Arturo Emmanuel,25
Arturo Luis,48
Arturo Roberto,43
Astolfo,45
Ataulfo,48
Avertano,47
Azarel,35
Aziel,30
Balam,29
Bautista,50
Beatriz,41
Benicio,51
Benito Alberto,41
Benito Roberto,45
Carlomagno,33
Carlos Arnulfo,44
Carlos Isaias,31
Carlos Isidro,33
Carlos Jorge,43
Carlos Oscar,42
Carlos Oswaldo,34
Carlos Paul,33
Carlos Rolando,44
Carlos Romeo,41
Carlos Trinidad,41
Carlos Valentin,38
Celino,42
Cesar Angel,39
Cesar Ariel,45
Cesar Edgar,37
Cesar Emilio,40
Cesar Geronimo,36
Cesar Jaime,46
Cesar Leonardo,38
Cesar Noe,27
Cesar Noel,36
Cesar Osvaldo,37
Cesar Saul,35
Cesar Valentin,32
Cesilio,49
Christian Antonio,29
Christian Daniel,30
Christian Fernando,30
Christian Joel,30
Cristian Jesus,31
Cristo,32
Cristobal De Jesus,34
Cruz Fernando,38
Cruz Francisco,44
Cruz Mario,34
Cudberto,53
Dan,36
Daniel Alonso,31
Daniel David,29
Daniel Felipe,30
Daniel Gustavo,37
Daniel Horacio,38
Daniel Humberto,38
Daniel Ricardo,29
Daniel Ruben,36
David Agustin,36
David Gabriel,32
David Leonardo,37
David Miguel,46
David Ramon,43
David Rogelio,37
David Roman,33
David Salomon,24
Delfin,48
Derly,50
Diego Adrian,33
Diego Humberto,33
Diego Ivan,28
Diego Jose,45
Diego Rodrigo,29
Eberto,49
Eder Antonio,27
Edgar Adolfo,36
Edgar Augusto,35
Edgar Edmundo,33
Edgar Eleazar,38
Edgar Fabian,34
Edgar Federico,33
Edgar German,36
Edgar Homero,30
Edgar Ismael,33
Edgar Joaquin,34
Edgar Luis,31
Edgar Moises,36
Edgar Rodolfo,35
Edgar Ubaldo,28
Edgar Vladimir,35
Edilzar,39
Edmundo Enrique,47
Edmundo Gerardo,46
Edson Ivan,30
Edu,30
Eduardo Angel,44
Edwin Jose,28
Edwin Omar,27
Efrain Alejandro,35
Efrain Antonio,41
Efrain Martin,46
Efren Antonio,41
Elbert,34
Eleazer,45
Eleucadio,48
Elioenai,28
Elisandro,42
Elizabeth,38
Elliot,29
Elodio,49
Emilio Alonso,41
Emilio Antonio,38
Emmanuel Fernando,28
Emmanuel Jesus,32
Enrique Israel,34
Enrique Jaime,45
Enrique Rafael,47
Enrique Salvador,45
Eric Fernando,37
Eric Ivan,36
Eric Jesus,37
Eric Jose,36
Eric Rafael,30
Eric Rene,31
Erick Alfredo,30
Erick Israel,23
Erik Arturo,33
Erik Jesus,28
Erikc,33
Ermelando,43
Ernesto Daniel,39
Ernesto Eduardo,32
Ernesto Gabriel,40
Ernesto Manuel,42
Eros,29
Eruvey,40
Esli,33
Estanislado,46
Esteban Rafael,41
Eudaldo,52
Eymard,34
Ezequias,45
Fabian Alberto,39
Fabian Ricardo,34
Fausto Arturo,51
Fausto Manuel,50
Federico Jose,47
Felipe De Je,50
Felipe Fernando,52
Felipe Ivan,30
Felipe Miguel,43
Felix Armando,43
Fernando Cesar,46
Fernando Efrain,49
Fernando Felipe,54
Fernando Francisco,36
Fernando Octavio,50
Fernando Ramon,45
Fidadelfo,45
Fidel Alberto,45
Fidel Arturo,44
Fidel Francisco,43
Fidel Jesus,43
Florentin,45
Francisco Adalberto,33
Francisco Benjamin,44
Francisco Bernardo,44
Francisco Emilio,39
Francisco Ernesto,41
Francisco Fabian,37
Francisco Gregorio,47
Francisco Heriberto,42
Francisco Ismael,31
Francisco Jaime,59
Francisco Jorge,51
Francisco Lorenzo,40
Francisco M,48
Francisco Moises,37
Francisco Noe,33
Francisco R,51
Francisco Raymundo,48
Francisco Rogelio,43
Francisco Santiago,45
Francisco Vicente,45
Franco Antonio,41
Freddy Armando,43
Freddy Javier,43
Fredy Raul,32
Gabriel Alfonso,40
Gabriel Alonso,38
Gabriel Gerardo,46
Gabriel Ivan,34
Gabriel Manuel,41
Gabriel Octavio,38
Gaddiel,35
Gaspar Antonio,44
Gaspar Enrique,40
Gedeon,36
Gerardo Ariel,43
Gerardo Ernesto,30
Gerardo Froylan,37
Gerardo Israel,39
Gerardo Mario,43
Gerardo Roberto,45
Gerardo Salvador,39
German Gabriel,39
Gervasio,46
Gilberto Alejandro,36
Gilberto Enrique,49
Gilberto Gerardo,42
Gilberto Jose,38
Gilberto Manuel,39
Gildo,39
Gomez,40
Gonzalo De Jesus,38
Grabiel,34
Gregorio Alberto,41
Gregorio Armando,39
Gregorio Jesus,46
Guadalupe Alberto,37
Guadalupe Humberto,45
Guadalupe Omar,36
Gualterio,42
Guillermo Alfredo,38
Guillermo Alonso,39
Guillermo Ignacio,38
Guillermo Israel,30
Guillermo Rene,45
Gustavo Adrian,32
Gustavo Cesar,39
Gustavo Ernesto,35
Gustavo Ramon,39
Gustavo Salvador,45
Hector A,47
Hector Adan,29
Hector Alberto,46
Hector Alejand,41
Hector Carlos,42
Hector Edmundo,46
Hector Eduar,45
Hector Efrain,41
Hector Eugenio,42
Hector Everardo,42
Hector Israel,38
Hector Julio,41
Hector Man,56
Hector Oswaldo,40
Hector Tomas,50
Hector Vicente,36
Helbert,30
Helmer,46
Henoch,45
Henri,34
Hermelando,47
Hervey,35
Hervin,40
Hilario Martin,43
Hildebrando,47
Hildefonso,41
Hildegardo,47
Hubel,43
Hugo De Jesus,34
Hugo Edgardo,38
Hugo Lino,54
Hugo Miguel,43
Hugo Noe,38
Hugo Raul,40
Hugo Roberto,40
Hugo Rolando,42
Hugo Ulises,31
Humberto Daniel,41
Hussein,27
Iban,35
Ignacio German,47
Ignacio Ivan,36
Ignacio Salvador,45
Irving Jesus,28
Irving Omar,28
Isaias De Jesus,29
Isaias Rafael,42
Isain,40
Isidro Alfonso,42
Isnardo,35
Israel Ivan,29
Itzcoatl,41
Ivan Alfonso,31
Ivan Armando,33
Ivan Arturo,33
Ivan Guillermo,35
Ivan Josue,27
Ivan Manuel,33
Ivan Rene,30
J Agustin,51
J Andres,47
J Cristobal,61
J Ignacio,49
J Jorge,52
J Jose,54
J Rafael,46
J Rene,46
J Ricardo,50
J Salome,50
J Ventura,49
J Vicente,54
J. Alfredo,52
J. De Jesus,53
J. Eleazar,54
J. Fernando,43
J. Jorge,50
J. Matilde,49
J. Miguel,54
J. Pedro,47
J. Rafael,57
J. Ruben,52
Jacinto Javier,42
Jaime Augusto,44
Jaime Efrain,34
Jaime Everardo,42
Jaime Hiram,36
Jaime Israel,32
Jaime Roberto,39
Jaime Ulises,33
Jairo Antonio,32
Jalil,33
Jasiel,28
Javier Adrian,44
Javier Hector,42
Javier Horacio,46
Javier Jorge,37
Javier Manuel,42
Jayme,50
Jesus Albert,42
Jesus Cesar,40
Jesus Delfino,36
Jesus Diego,40
Jesus Dionicio,40
Jesus Eleazar,39
Jesus Everardo,34
Jesus Florentino,39
Jesus G,45
Jesus Gregorio,39
Jesus Hernan,44
Jesus Hiram,35
Jesus Isaac,38
Jesus Jorge,58
Jesus Josue,32
Jesus Marcos,40
Jesus Marino,41
Jesus Natividad,48
Jesus Noel,34
Jesus Paul,33
Jes√∫s,39
Jeziel,27
Joan Manuel,35
Joaquin De Jesus,44
Joaquin Javier,47
Joaquin Jesus,40
Joaquin Rafael,48
Joel Fernando,30
Joel Francisco,37
Joel Gustavo,35
Joel Jesus,40
Joel Rolando,48
Jonathan Daniel,28
Jonathan Eduardo,27
Jonathan Emmanuel,27
Jonathan Israel,28
Jonathan Ivan,27
Jonathan Ulises,29
Jonny,33
Joram,31
Jorge Alan,26
Jorge Anton,42
Jorge Armin,45
Jorge Asuncion,44
Jorge Benito,40
Jorge Domingo,50
Jorge Erik,33
Jorge Gregorio,45
Jorge Hector,51
Jorge Hernan,35
Jorge Isaias,37
Jorge Leopoldo,40
Jorge Nicolas,47
Jorge Oscar,35
Jorge Samuel,37
Jorge Tomas,44
Jose Abenamar,41
Jose Alejan,43
Jose Alexander,33
Jose Amador,41
Jose Amparo,45
Jose Anastasio,53
Jose Antero,45
Jose Asencion,51
Jose Aureliano,46
Jose Bladimir,33
Jose Bonifacio,49
Jose Carlo,47
Jose Casimiro,53
Jose Cosme,46
Jose De La,45
Jose Del Refugio,47
Jose Del Rosario,50
Jose Eliezer,45
Jose Erik,30
Jose Heraclio,52
Jose Hiber,46
Jose Hiram,32
Jose Iram,37
Jose Juan Carlos,51
Jose Justo,44
Jose Laurencio,45
Jose Marciano,45
Jose Marti,46
Jose Martiniano,51
Jose Medardo,38
Jose Melchor,40
Jose Napoleon,35
Jose Nazario,49
Jose Oliver,33
Jose Oracio,44
Jose Patrocinio,45
Jose Ranulfo,46
Jose Remigio,45
Jose Severiano,47
Jose Tito,52
Jose Valdemar,49
Jose Wenceslao,43
Jose Wilbert,44
Jose Zacarias,54
Josefina,46
Josue Francisco,32
Josue Gabriel,32
Josue Javier,30
Josue Ruben,41
Jos√©,53
Juan Adan,39
Juan Arnulfo,36
Juan Benjamin,45
Juan Braulio,37
Juan Ciro,42
Juan Damian,41
Juan Demetrio,42
Juan Edilberto,43
Juan Efrain,54
Juan Elias,48
Juan Erasmo,38
Juan Federico,46
Juan Filemon,51
Juan Franci,44
Juan Francis,47
Juan Francisco Javier,36
Juan Gabrie,41
Juan Gaspar,36
Juan Hipolito,43
Juan Jos,49
Juan Jose Luis,50
Juan Julio,49
Juan Marcelino,41
Juan Margarito,48
Juan Pascual,45
Juan Patricio,33
Juan Refugio,49
Juan Rigoberto,42
Juan Sabino,38
Juan Trinidad,42
Juaquin,38
Julian Alejandro,33
Julian Francisco,42
Julio Daniel,35
Julio Ignacio,43
Julio Javier,44
Junior,31
Kenny,31
Lauro Arturo,49
Leonel Antonio,35
Leonel De Jesus,51
Leopoldo Alberto,44
Leyber,32
Lilia,44
Lindbergh,37
Lionel,42
Lizardo,39
Lucio Arturo,46
Lucio Enrique,36
Ludovico,45
Luis Agustin,48
Luis Benito,39
Luis Damian,41
Luis Domingo,42
Luis Elias,40
Luis Enriq,42
Luis F,52
Luis Ferna,41
Luis Hernan,42
Luis Ismael,36
Luis Israel,28
Luis Marcos,40
Luis Reynaldo,47
Luis Rolando,39
Luis Rosendo,44
Luis Saul,33
Luis Tomas,32
Luiz,42
Madain,44
Manlio,44
Manuel Aaron,43
Manuel Agustin,35
Manuel Atocha,34
Manuel Augusto,44
Manuel Aurelio,51
Manuel Benjamin,42
Manuel De J,48
Manuel Felipe,40
Manuel Gaspar,52
Manuel Isaac,34
Manuel Isidro,49
Manuel Othon,41
Manuel Raul,47
Manuel Rene,41
Manuel Rodrigo,40
Marcelino Pedro,47
Marco Adrian,32
Marco Octavio,41
Marcos Gabriel,34
Marcos Hugo,45
Marcos Omar,30
Marcos Rene,38
Margarit,47
Maria Del Carmen,44
Maria Del Rosario,42
Maricela,42
Mario Arnulfo,45
Mario Augusto,36
Mario Aurelio,32
Mario Edmundo,40
Mario Efren,38
Mario Hernan,42
Mario Israel,37
Mario Joaquin,48
Mario Omar,32
Mario Orlando,41
Mario Rigoberto,45
Mario Rodolfo,51
Mario Roman,43
Mario Ruben,44
Mario Saul,51
Martha,46
Martin Andres,44
Martin Angel,46
Martin Eusebio,45
Martin Joel,46
Martin Julio,47
Martin Omar,40
Martin Pablo,52
Mauricio Daniel,27
Mauricio Rene,35
Mauro Enrique,48
Mauro Martin,44
Max,31
Melchisedec,37
Miguel Abraham,29
Miguel Adolfo,38
Miguel Esteban,42
Miguel Javier,50
Miguel Jose,41
Miguel Luis,47
Miguel Oscar,40
Miguel Rafael,33
Miguel Rodolfo,43
Miguel Rodrigo,33
Milton Jesus,29
Missael,33
Moises Abraham,32
Moises Eduardo,37
Moises Enrique,36
Nahin,34
Narno,46
Nectar,44
Nelson Ivan,31
Nestor Arturo,49
Nestor Hugo,27
Nestor Martin,32
Nestor Rafael,36
Nicodemus,51
Noe Israel,27
Noe Javier,47
Noe Salvador,37
O,59
Octavio De Jesus,33
Octavio Enrique,43
Ofir,46
Oldair,38
Oliber,38
Olivar,37
Olivio,46
Omar Alexander,34
Omar Cuauhtemoc,38
Omar Daniel,31
Omar Ernesto,34
Omar Gilberto,40
Omar Jorge,26
Omar Octavio,41
Omar Ricardo,33
Oreste,48
Oscar Abraham,29
Oscar Aurelio,40
Oscar Edmundo,45
Oscar Ismael,33
Oscar Misael,38
Oscar Osvaldo,35
Oscar Paul,28
Oscar Rodrigo,34
Oscar Samuel,38
Oscar Trinidad,47
Oscar Victor,46
Oscar Xavier,36
Osciel,38
Otniel,29
Owen,29
Pablo Alfredo,48
Pablo Artemio,48
Pablo Omar,29
Pablo Ramon,37
Pablo Saul,38
Paul Antonio,29
Pedro Ariel,45
Pedro Efrain,41
Pedro Florencio,50
Pedro Jaime,46
Pedro Joel,45
Pedro Raymundo,47
Perez,48
Pindaro,36
Platon,46
Presciliano,47
Protacio,49
Rafael David,51
Rafael Fernando,44
Rafael Jose,50
Rafael Salvador,38
Rainier,29
Ramiro Javier,43
Ramon Andres,35
Ramon Ariel,44
Ramon Gabriel,41
Ramon Horacio,55
Ramon Israel,36
Ramon Mario,52
Ramon Miguel,40
Ramon Octavio,41
Ramon Ulises,30
Ramon Uriel,28
Raul Andres,38
Raul Cesar,44
Raul Efrain,34
Raul Elias,39
Raul Gustavo,43
Raul Leonel,49
Renaud,45
Rene Eduardo,36
Rene Gabriel,39
Rene Ivan,33
Rene Martin,49
Rene Salvador,29
Reynario,46
Reyner,39
Reynold,35
Ricardo A,51
Ricardo Augusto,33
Ricardo Felipe,35
Ricardo Noe,32
Ricardo Rene,38
Ricardo Roberto,37
Roberto Abraham,26
Roberto Alfredo,42
Roberto Aurelio,35
Roberto David,39
Roberto Guadalupe,37
Roberto Israel,36
Roberto Raul,41
Roberto Rene,40
Robertony,40
Robinson,36
Robisel,37
Rodiberto,42
Rodolfo Humberto,38
Rodolfo Javier,36
Rodolfo Ulises,37
Rodrigo Alonso,30
Rodrigo Ivan,35
Rogelio Cesar,41
Rogelio Eduardo,30
Roger Alfredo,50
Roger Alonso,41
Roger Augusto,49
Roger Enrique,39
Roger Guadalupe,43
Roger Manuel,36
Rolando Antonio,32
Rolando Guadalupe,39
Roney,40
Rony,40
Rosauro,45
Ruben Alfredo,35
Ruben Ernesto,46
Ruben Gabriel,44
Ruben Israel,31
Ruben Jaime,47
Ruben Javier,42
Ruben Octavio,39
Ruben Ricardo,42
Ruy,30
Salvador Francisco,48
Salvador Gerardo,50
Salvador Jesus,47
Salvio,37
Samuel De Jesus,31
Sandino,29
Santacruz,49
Santiago Alberto,35
Santiago Alejandro,33
Santiago Antonio,41
Santiago Jesus,44
Santo,42
Santos Francisco,43
Santos Javier,40
Saul Alfonso,42
Saul Antonio,38
Saul Armando,37
Saul Ernesto,31
Saul Isaac,37
Saul Javier,34
Saul Omar,36
Seberino,42
Segismundo,41
Sein,51
Selso,47
Senon,47
Senovio,53
Serbando,44
Sergio Abel,41
Sergio Aurelio,41
Sergio Cesar,44
Sergio Jair,34
Sergio Saul,39
Sidonio,49
Simon Alberto,36
Simon Pedro,38
Sirenio,50
Taide,45
Tarcicio,50
Teresa De Jesus,43
Tito Armando,52
Tomas Rogelio,39
Uribe,37
Uriel Alejandro,27
Vicente Alberto,43
Vicente Eduardo,40
Vicente Francisco,44
Vicente Gabriel,49
Vicente Israel,35
Vicente Rafael,38
Victor Adolfo,41
Victor Alfon,44
Victor Ariel,37
Victor Augusto,40
Victor Edgar,41
Victor Eloy,40
Victor Esteban,39
Victor Felipe,39
Victor German,31
Victor Juan,41
Victor Julian,48
Victor Roman,36
Vivaldo,42
Wagner,37
Walter Daniel,31
Walterio,44
Wbaldo,39
Wilbert Fernando,53
Wilbert Manuel,47
Wiliulfo,48
Willy,29
Yasser,30
Yeudiel,35
Yosimar,23
Zozimo,46
